"E+ Electric Use (kWh) - BEMCmpMgr 2025.2.0.1 (625)",1
"Sat 23-May-26  11:46:08 am"
"EplusElecUse",Hour
"EplusTotalKWH"
56.7908
52.0874
51.0926
51.9923
52.0586
76.1054
68.6111
88.9803
120.151
126.415
140.203
143.105
135.503
103.781
106.455
104.908
108.762
130.741
142.214
104.659
99.287
89.2223
82.6159
61.4223
53.0587
51.9105
65.7037
52.5844
53.2764
53.3225
83.0141
118.459
127.777
127.505
137.227
132.317
111.225
108.814
110.118
107.636
116.426
135.249
131.119
136.638
150.313
109.353
84.648
85.2837
60.8855
56.2248
55.7243
69.2175
66.5819
57.223
80.6496
93.2368
107.488
139.464
158.938
136.354
135.814
128.858
128.104
117.514
121.143
133.33
141.863
118.948
113.684
107.472
84.7499
70.7683
57.3157
55.6897
69.9034
58.1651
66.3669
60.0687
76.8915
89.9632
97.7716
127.739
131.996
134.587
141.775
115.421
119.027
108.352
116.583
111.509
127.895
107.937
94.8648
88.8812
80.7729
60.2227
53.8337
52.4827
65.0968
53.6505
54.6981
56.163
102.218
113.278
121.177
129.198
154.249
141.102
131.104
109.29
116.575
119.566
131.119
130.929
124.248
124.509
128.996
93.9655
82.5089
75.0842
57.8526
48.1717
47.328
47.5638
46.7986
60.6487
77.9693
110.017
116.209
130.836
139.298
136.766
134.075
110.514
113.695
119.337
131.536
122.943
129.999
130.161
133.419
94.0434
91.5784
66.9381
72.0765
47.7191
46.4262
48.7515
46.0383
59.4351
79.35
99.6252
112.031
112.947
122.157
116.91
112.873
97.4802
127.37
103.724
122.26
125.226
124.296
127.85
122.356
94.7655
78.3011
54.624
51.1192
48.2715
59.6834
49.0719
49.4811
55.9713
76.8198
113.351
125.857
123.172
124.823
131.482
115.288
92.059
107.398
114.635
121.951
110.526
120.683
132.511
128.507
89.6835
80.4934
69.2444
58.3128
48.0651
46.8702
47.3684
46.3804
61.8035
82.1645
117.712
130.933
132.357
133.802
128.39
131.755
106.433
109.42
112.957
126.774
123.161
131.179
132.149
133.437
95.1404
96.2676
85.4381
55.01
49.8532
64.1541
51.3084
55.842
51.8294
78.9452
86.3751
103.077
131.844
146.861
152.212
156.502
122.374
126.359
118.295
129.577
136.055
145.148
123.222
110.607
101.887
83.7395
67.5487
52.5696
60.029
46.9835
48.0306
56.1536
50.0835
64.7799
72.2172
80.1951
105.409
118.778
119.65
128.524
115.017
124.561
108.966
108.617
114.309
122.299
107.061
94.4373
87.3274
65.6782
78.8871
52.0252
48.1905
46.9856
47.9205
47.6134
63.8753
80.5075
109.081
124.556
131.37
132.943
127.651
128.602
116.809
115.27
102.347
128.146
144.338
134.35
133.372
126.798
95.9186
89.0268
84.3729
56.1099
48.3562
48.1478
59.357
46.7091
51.7618
82.1873
108.9
115.118
132.966
133.499
125.55
119.648
120.533
120.884
106.326
126.581
134.183
133.795
132.585
120.76
96.403
91.5436
74.1124
56.0221
48.673
48.1152
48.7502
59.6062
47.4462
83.7077
112.871
106.809
138.058
135.697
131.425
133.052
122.733
124.376
128.172
140.991
142.226
135.154
128.916
120.742
96.9305
93.1584
72.9566
54.2788
48.6461
48.5625
48.8419
49.0562
59.3567
77.1937
93.0084
119.31
127.809
132.341
129.924
133.818
120.93
129.896
129.735
137.265
134.009
132.023
130.753
128.656
93.5865
81.3734
59.3636
64.5006
47.7578
47.0179
52.0451
46.9296
64.6454
73.4602
99.9594
112.62
134.842
144.404
120.794
144.509
110.057
126.331
128.322
134.661
132.738
130.746
144.912
130.332
80.4997
81.709
78.0853
51.2717
47.9202
60.1227
48.7066
52.4988
48.1545
68.6811
78.9579
100.011
146.438
154.382
156.746
170.98
147.719
152.534
141.914
144.607
145.352
149.45
138.772
121.716
116.183
76.0682
58.3924
52.1533
54.4682
53.9813
48.4236
53.1606
48.3033
67.0246
83.0756
105.998
134.072
132.12
129.536
128.747
130.338
135.611
125.034
124.693
122.646
116.087
95.6421
90.3723
87.3998
76.1837
60.3919
54.4956
47.7967
47.3618
47.1783
60.1811
46.514
67.7874
87.1459
108.274
126.963
118.233
142.041
151.968
108.696
112.115
115.067
128.609
127.94
121.703
99.2185
110.784
78.7352
72.5254
59.254
60.9351
47.8868
46.5905
47.8056
46.9729
62.4509
86.2617
98.7269
107.886
143.966
135.79
129.516
149.535
120.887
123.411
124.843
129.491
135.735
131.115
141.991
125.979
88.4331
88.6083
78.3904
51.1651
48.3789
46.65
47.699
52.8811
52.8838
75.9159
100.593
111.638
117.498
130.17
121.078
141.82
108.587
122.551
124.565
127.938
114.796
141.79
128.274
97.5889
97.3013
92.3131
69.844
48.6989
62.8928
46.9522
47.2142
45.8481
64.7067
84.6902
111.721
113.522
135.591
130.752
120.863
124.178
109.645
117.146
118.254
122.875
124.795
127.964
120.964
113.827
102.45
84.5546
61.7434
56.9958
57.3351
49.983
46.7697
47.7769
56.1048
98.7962
114.937
129.777
128.634
127.589
129.248
157.073
117.943
113.177
126.191
135.059
140.557
148.487
134.089
135.341
96.6497
85.506
58.6873
49.6213
60.1582
46.5891
49.0942
52.1206
49.6526
72.1429
82.0452
94.034
137.29
140.779
156.973
138.777
131.887
142.66
140.37
127.453
132.922
127.474
120.727
110.851
95.3385
83.7647
81.855
54.8737
46.9779
46.755
61.3904
51.7316
47.3223
67.4908
68.975
80.4589
98.0486
154.823
124.921
118.777
116.785
118.645
113.939
110.898
114.603
119.596
104.651
95.5662
94.8625
78.0222
66.8657
52.1557
55.8138
51.6229
48.872
47.9702
59.1217
96.3006
106.958
132.693
130.131
130.521
129.077
146.779
120.859
122.965
119.29
136.486
135.555
132.097
142.071
130.083
90.4749
82.1914
72.0322
50.425
48.9962
46.5851
48.5057
60.8255
49.8896
79.1755
109.49
117.238
136.352
140.326
125.908
133.078
121.991
124.572
121.812
133.02
132.428
131.328
128.304
131.073
96.7375
93.7681
76.3067
53.535
48.4831
47.1854
46.6427
46.5893
64.0197
80.6418
94.868
114
139.602
135.279
124.57
135.397
119.459
121.592
112.554
129.172
130.263
126.679
128.371
124.173
85.4605
82.0534
59.1624
66.0192
48.6117
48.7815
51.8414
61.0019
49.8945
92.5822
103.695
114.38
123.17
130.762
127.624
149.255
112.696
99.2688
116.319
125.191
128.941
126.323
123.013
135.798
94.3887
89.6766
61.3498
48.8093
48.3682
60.0617
47.9197
46.3159
57.46
88.81
95.1191
115.393
127.038
130.708
126.539
136.236
97.059
110.32
106.282
119.047
129.398
127.455
120.45
134.617
100.793
71.287
70.1108
52.422
49.6117
49.4832
49.4033
48.799
63.5197
59.4167
83.4845
98.271
120.463
145.036
141.063
116.139
133.829
119.914
124.979
121.818
133.643
126.442
121.985
102.65
89.3888
82.1155
69.4265
51.4098
48.7261
48.5355
61.8915
54.9422
50.8273
55.2744
74.7712
88.5274
110.484
102.409
106.326
118.269
99.5725
104.855
96.2953
98.4433
93.653
108.934
87.8073
88.1949
92.9334
77.8226
59.8663
50.031
46.8629
58.9845
46.731
46.9516
59.0152
88.2023
115.722
105.411
122.992
124.92
113.034
112.98
94.465
108.629
111.542
121.461
112.178
139.589
139.777
129.415
98.707
96.4917
76.899
48.8888
46.9958
51.6346
54.0569
47.9561
63.0633
83.4362
106.522
123.992
136.976
131.48
128.725
149.92
107.075
108.163
103.891
123.79
126.414
129.081
127.446
123.773
95.3389
88.7046
62.5585
70.4059
51.8924
50.1665
49.8448
48.3561
58.2912
83.1597
109.119
107.473
123.025
122.784
123.189
121.386
105.643
112.101
102.739
122.277
127.342
121.936
125.972
134.611
80.4605
84.3218
73.2473
55.5758
50.3299
52.2511
52.8933
52.0957
62.8464
79.5479
105.573
129.385
117.723
121.789
117.932
125.796
94.8058
111.362
116.591
125.186
121.329
124.549
127.16
126.243
91.1918
84.6125
59.6208
70.8307
51.4264
51.3483
56.4421
52.8096
70.5395
81.0099
103.483
98.4911
118.289
139.682
107.995
112.196
106.084
115.401
102.223
113.154
132.376
134.532
111.549
105.675
96.8115
78.3387
72.9053
67.2884
51.3089
50.6662
52.2424
53.9529
54.2571
77.5607
74.7001
99.4881
128.714
133.509
153.741
136.814
121.403
128.654
116.186
113.792
126.101
140.219
119.262
111.017
102.39
73.6754
57.8428
50.1083
46.5033
47.4195
60.8525
56.3571
49.5551
65.043
74.5504
93.3035
103.987
124.632
124.069
126.225
122.487
122.449
112.647
120.985
123.439
131.104
104.685
98.3462
100.799
75.5309
59.0259
64.839
46.5706
44.9638
46.3822
46.199
59.528
85.1163
107.578
108.336
134.756
133.608
126.867
146.124
116.813
129.59
115.434
127.916
133.286
124.239
127.786
127.288
86.9341
81.5644
80.7467
58.0865
47.3612
46.2234
45.6805
44.5624
58.8545
77.7027
113.532
125.295
134.716
135.407
137.696
149.518
132.62
117.509
117.998
136.315
135.327
127.545
146.668
124.079
88.1206
79.864
64.5892
55.6151
47.535
45.8017
45.9437
44.2299
64.3642
74.553
97.7118
108.6
155.15
136.813
129.457
138.463
120.733
123.649
112.898
139.41
140.56
132.191
128.353
121.81
97.4783
85.9383
65.9574
62.0762
48.0159
47.115
47.5518
46.6278
59.7314
76.7673
105.152
125.812
137.548
142.32
140.348
158.437
127.006
129.453
128.798
119.154
133.758
122.242
119.437
110.405
90.8603
78.7576
67.6894
49.1817
46.5773
46.3867
47.698
62.6478
52.4287
80.5284
98.201
118.981
122.786
121.797
118.454
125.759
90.9355
109.527
106.878
117.738
126.207
124.605
128.308
121.065
91.0814
84.1662
65.8226
52.9271
60.7138
46.3592
46.4811
51.3743
46.0456
69.0921
79.1419
99.2317
126.603
155.939
140.251
128.465
131.327
124.859
122.351
120.698
135.792
142.697
113.158
107.904
102.758
76.0357
67.7087
48.004
46.6833
46.6611
61.1799
56.2368
47.5748
49.3208
83.4898
109.326
110.177
139.451
128.802
127.436
110.018
116.608
102.593
105.064
108.115
116.823
96.4913
89.9526
93.6694
73.8705
59.6439
50.9557
46.4341
47.9596
48.0872
60.3248
62.177
68.8124
96.28
113.151
135.118
149.023
149.939
147.338
127.934
134.835
113.928
104.371
107.429
112.976
89.2305
89.701
81.1618
80.1626
58.3132
60.7415
49.9204
47.9502
47.7162
46.2709
53.7767
70.8349
114.351
125.732
120.071
120.195
118.029
127.706
98.8233
106.84
102.068
110.005
120.468
123.214
124.855
131.421
94.1945
84.5587
58.2031
49.6834
47.2002
46.1299
46.2374
58.1424
48.5793
87.6729
101.429
117.835
128.113
130.368
127.572
123.286
106.004
107.29
99.8952
119.46
125.761
119.784
127.76
129.305
88.4638
78.0505
53.5029
51.2574
58.0986
46.8541
46.5596
45.974
54.6191
67.4332
106.27
112.136
116.32
130.868
123.616
133.866
100.544
105.102
108.2
117.387
130.655
136.542
131.76
126.891
102.331
72.0299
70.8345
47.6472
46.9707
45.8909
46.1892
57.5279
48.1397
71.3943
101.533
131.744
144.978
138.599
128.232
110.959
93.2278
119.378
109.902
129.134
128.068
135.491
121.409
129.505
98.4219
86.9382
58.6975
55.2221
60.9346
47.2086
47.4466
52.1439
47.5089
69.8984
84.0043
94.3067
134.579
151.501
146.182
133.366
120.455
129.681
123.548
128.206
130.653
156.891
131.289
109.507
95.2006
83.2833
61.4046
57.3484
52.1458
57.9504
49.2124
51.8686
48.0585
65.1374
58.2586
91.094
104.426
111.42
112.541
121.022
99.9792
109.758
98.0235
101.68
109.911
138.67
107.007
99.7818
107.411
76.2097
60.3155
52.477
49.7535
47.9621
49.8063
64.1086
52.1175
97.3105
104.353
116.509
135.836
137.74
123.611
122.955
108.835
110.804
105.199
116.35
125.94
132.877
129.456
128.194
92.7781
90.8743
53.9637
46.7723
61.1781
48.9051
55.2459
51.0755
63.6318
88.2246
110.607
117.244
143.823
124.358
121.966
125.083
109.804
110.079
94.0512
121.247
127.996
127.068
133.126
138.577
93.4025
86.133
57.3864
54.2032
60.5672
48.5776
49.9078
49.5598
58.8695
84.8027
103.435
108.76
116.818
127.163
122.873
110.374
101.898
111.425
112.004
113.033
128.237
131.033
124.659
121.655
97.0725
84.1164
77.9446
50.1613
46.9058
45.955
46.9961
48.3971
64.1495
75.1046
122.011
119.97
136.465
150.444
137.95
145.18
105.977
120.466
125.941
131.983
121.059
146.008
130.757
129.306
92.9354
91.6807
76.7972
46.8654
46.7315
45.3881
45.7929
56.3948
48.7992
76.5603
112.426
116.124
140.124
136.208
128.986
145.998
112.525
124.038
122.906
124.048
134.542
136.065
139.329
124.564
89.8615
93.7213
72.5802
50.3315
59.0577
46.5522
46.8084
49.2474
46.8823
70.0377
79.2037
100.321
133.085
155.123
156.761
141.623
138.556
134.267
127.22
135.457
139.86
135.904
121.487
113.11
102.069
77.6138
79.3727
52.2473
46.3107
46.1939
46.1457
48.5288
61.5484
50.7913
73.3032
96.4419
106.142
120.773
136.521
132.858
109.597
111.524
101.008
103.567
115.726
139.553
106.87
106.575
112.143
73.3003
59.6957
49.1934
47.8444
46.9521
48.1143
58.6491
47.3207
91.3402
114.595
110.803
118.276
123.476
124.746
113.242
110.133
93.1294
108.824
111.3
120.729
136.39
124.953
124.354
92.0186
65.8305
80.5096
56.6258
46.8476
45.1565
45.2731
55.8628
45.2336
87.2646
103.25
106.965
123.09
129.252
117.794
131.127
91.5245
104.96
108.572
109.371
114.327
144.114
120.115
132.129
86.2894
87.8448
64.4266
55.2138
49.4962
60.157
46.962
46.0553
49.3186
87.4878
103.265
112.491
121.577
121.912
122.013
127.457
91.299
104.822
111.16
107.309
119.271
122.893
142.197
127.603
92.6596
87.5155
62.6463
64.2793
49.0066
46.5227
47.3206
46.9535
61.4233
80.174
107.5
123.297
142.559
121.389
129.025
129.031
110.227
108.895
105.221
124.464
133.209
134.562
128.81
114.942
98.24
90.7615
67.7081
52.9303
50.6045
64.4384
52.2141
51.7446
59.684
95.4204
115.431
116.683
125.727
127.834
116.722
129.08
109.599
102.283
101.858
117.49
125.61
134.275
127.892
133.591
97.2678
95.6178
81.4718
53.0722
51.295
52.3552
52.7543
54.8502
69.585
59.7039
80.2864
101.256
124.853
138.565
139.671
128.577
132.761
127.215
114.733
117.377
127.478
132.031
125.342
112.441
96.3017
79.8889
74.829
54.1385
46.6882
46.8262
46.7161
48.0908
63.3509
84.939
95.5767
108.273
127.231
114.285
112.388
114.37
109.599
99.8318
114.083
115.701
122.283
99.8666
92.8621
95.5395
76.1764
60.538
50.2912
49.5749
62.207
51.8666
52.364
59.6492
84.8571
105.709
118.117
118.441
115.798
111.145
115.415
108.029
97.4902
113.953
117.067
129.879
128.869
120.067
107.832
80.6213
83.1725
81.8261
58.6265
47.2998
46.2628
50.6473
53.2359
65.5347
82.1464
115.401
125.484
121.672
129.908
127.926
134.675
113.798
117.916
104.102
123.666
129.062
126.493
128.794
135.103
93.4517
80.3306
66.5951
49.5919
46.3022
44.2024
44.8056
56.0865
45.9438
89.4956
113.189
106.09
124.727
127.706
127.935
140.107
106.67
119.879
117.522
112.695
135.691
149.215
128.221
105.415
87.1266
83.6773
72.3951
54.3007
45.9524
44.825
44.9242
44.1834
59.4245
76.2518
89.6708
125.312
125.682
129.251
121.448
127.768
118.555
110.736
124.531
133.711
128.882
133.239
132.997
126.205
89.0958
75.052
58.6662
63.3182
46.1963
45.4522
45.9109
45.4218
55.7905
78.1439
99.6984
103.985
113.369
120.548
117.783
132.344
97.2189
110.65
114.377
122.239
127.365
121.288
128.656
118.115
91.1706
85.2
73.9944
51.0773
46.4853
46.0273
45.9473
46.6039
58.7587
56.1189
91.8449
95.4502
131.271
138.853
136.711
165.608
151.35
151.349
143.854
136.426
146.64
148.943
119.254
106.83
86.8885
71.8012
57.2714
47.4685
46.3831
45.5801
58.7245
49.6058
46.3708
50.1767
72.148
90.5827
108.063
112.022
127.019
122.132
112.605
119.629
107.397
108.183
114.62
114.048
107.18
95.0277
95.5006
73.4632
74.4784
55.1385
46.2216
44.379
45.1456
44.2488
61.4039
75.2742
103.405
105.716
141.823
124.666
124.489
128.829
115.436
115.484
109.355
120.67
134.869
131.68
126.074
119.868
96.0823
85.6462
64.6514
52.8769
46.2422
46.8017
46.0494
58.2656
45.9454
74.7077
107.489
114.799
123.869
130.465
122.803
144.054
101.354
109.862
114.911
126.462
135.923
130.483
126.105
127.53
86.5638
71.3365
54.6779
48.5553
46.1496
55.3256
45.1483
44.3235
45.7041
79.6646
118.362
116.01
137.521
137.204
127.548
139.214
122.738
126.927
113.665
134.526
137.337
136.986
128.23
117.598
96.6545
103.499
82.4511
48.8273
46.5752
45.5959
45.0747
55.3288
49.1201
78.9666
110.581
111.423
123.817
130.112
131.667
134.422
118.64
120.352
118.526
125.819
133.16
129.931
142.499
121.791
87.4557
85.7127
75.3165
48.7909
46.9407
44.865
45.0831
47.5791
63.2843
88.5842
106.647
114.484
123.042
124.562
128.322
129.243
114.489
120.521
125.569
129.47
132.165
130.905
136.491
138.611
90.8931
79.2523
58.825
47.5211
47.2484
57.3914
45.8482
53.0303
46.2302
69.9932
74.9181
102.908
112.369
138.886
134.555
134.952
122.784
114.055
123.044
125.09
133.212
146.528
110.568
106.522
103.88
58.5583
73.4403
47.4411
46.242
44.9531
45.6672
57.4686
46.4267
49.5205
74.4712
105.478
119.22
115.237
131.602
124.731
117.545
117.023
102.544
109.521
126.671
114.395
110.483
96.5101
96.2049
73.4843
73.0576
53.8516
48.2123
46.2489
46.7123
46.8875
59.2869
85.2256
92.8123
120.22
125.896
119.491
121.982
139.733
114.142
104.43
116.675
130.227
133.352
132.99
137.282
123.197
89.4708
78.1225
74.9109
53.9342
46.9233
45.2501
44.7445
55.2769
44.7175
77.8147
95.4984
127.659
135.447
123.953
117.305
144.307
114.604
98.6046
113.187
120.005
122.101
128.519
134.891
123.708
95.4598
80.4956
50.3467
61.236
46.5479
44.6457
46.834
44.1447
61.8961
78.0083
103.835
115.845
139.425
133.47
128.616
127.376
112.396
114.363
116.588
130.405
126.878
127.114
123.581
101.174
97.7349
93.4194
61.8483
64.8392
46.2323
44.5287
46.7823
45.0217
63.0165
68.693
102.7
119.217
134.365
133.721
122.663
137.129
104.442
114.131
110.912
115.554
125.282
132.745
127.614
125.562
91.6962
80.8808
56.455
49.5252
46.3424
56.8044
47.0492
44.0429
45.3067
69.5371
105.543
111.801
127.931
136.173
125.072
137.887
110.039
115.984
103.065
118.536
128.842
119.401
127.656
117.564
94.3632
89.9668
78.1176
51.2013
46.5786
46.5721
45.7012
55.2824
53.4707
55.1142
77.0651
98.177
134.623
141.655
144.438
127.802
121.749
122.039
110.305
121.764
135.553
117.073
116.081
100.454
95.4099
73.296
56.623
61.6844
46.0616
46.3592
46.6299
51.0846
59.2525
49.7929
73.7582
91.875
118.086
121.268
109.428
123.905
99.047
102.331
84.2738
102.871
108.55
110.176
90.5317
87.7554
79.1212
75.7469
57.8491
50.2185
46.5085
57.4376
44.9119
44.5696
45.176
82.0691
119.799
110.278
129.26
146.233
132.939
128.429
116.66
116.813
111.448
129.863
127.01
116.233
124.282
126.278
91.9528
83.8687
79.0163
53.1756
45.9138
45.2151
45.0456
44.5829
56.8289
76.4721
90.7536
123.233
156.352
153.027
158.054
149.352
124.526
151.537
135.707
128.875
156.008
153.203
120.851
111.27
89.1526
68.7894
60.0108
58.6135
46.9899
45.4468
44.725
43.7892
58.1819
71.2027
107.645
104.299
126.478
133.302
124.137
130.443
103.667
108.765
114.297
122.797
109.06
113.886
132.457
106.345
90.2879
97.0849
80.6604
48.6362
46.2347
45.0994
44.7759
44.4661
56.463
72.9611
106.509
118.343
127.222
134.358
120.078
136.485
103.518
116.723
119.752
118.257
118.988
117.615
119.34
111.521
91.2851
75.5375
59.4928
50.8747
46.6858
57.5416
48.919
43.7467
49.09
75.2226
110.053
105.131
129.512
128.564
120.033
144.098
109.358
117.187
120.133
125.287
127.6
122.733
127.067
118.046
90.0645
87.2366
74.489
50.4092
45.2166
45.4156
56.3017
52.5447
47.6236
69.7441
80.2822
98.4468
131.846
131.521
126.432
128.427
121.065
126.505
120.933
123.679
131.05
137.604
120.518
114.262
112.213
74.6615
66.6762
64.6599
45.391
44.7306
44.9749
48.2415
57.1126
48.8127
79.1694
114.946
103.307
131.989
122.879
129.879
113.954
117.278
104.82
107.439
119.056
112.9
101.941
90.2373
93.2044
76.2054
72.7756
55.5486
45.4627
45.0032
45.5317
45.6168
55.9889
75.9401
110.85
115.114
138.376
136.456
131.135
146.554
113.472
107.443
111.36
126.179
126.702
121.485
131.826
123.061
87.3731
83.3612
69.0286
51.722
45.8197
44.4248
46.4848
54.6912
46.843
88.4796
112.359
120.358
132.876
142.916
138.854
147.62
106.655
116.538
117.466
116.749
124.305
129.53
137.962
122.99
87.455
88.377
70.0532
55.5235
46.4647
45.0236
45.4551
46.0538
56.1013
74.7101
101.102
117.444
129.338
139.929
134.339
145.007
118.811
106.782
122.765
132.786
127.219
129.456
125.899
131.756
92.3063
80.6404
62.9154
60.3856
45.9292
43.9236
44.7084
43.6434
56.5293
67.0873
105.759
106.071
146.11
137.784
138.87
152.267
133.016
139.286
141.193
157.317
156.027
168.577
152.898
139.886
89.3746
91.1374
76.5852
58.4313
46.45
45.0936
45.0553
44.1832
56.7668
79.0157
97.0033
137.586
153.23
164.587
153.107
173.914
140.393
150.658
151.346
158.12
162.52
164.264
152.902
144.125
95.1056
79.1559
59.6598
49.5837
51.4018
52.4928
45.8945
48.7272
45.7858
67.9399
83.5437
103.503
138.264
150.466
156.79
144.215
138.634
153.037
143.896
149.016
160.067
140.721
136.153
111.74
98.1196
76.5132
60.0171
51.4323
58.1201
45.5492
45.822
51.4473
46.9346
61.1098
71.7932
87.5684
106.261
121.921
112.526
123.442
109.294
110.884
102.925
103.718
110.481
112.544
98.0206
90.4299
85.8694
70.7796
75.9951
53.6479
45.7636
45.4472
44.9323
43.3961
56.8509
78.3611
112.24
116.662
121.117
125.071
126.2
116.832
104.631
116.592
118.661
127.502
129.126
129.453
134.986
130.827
87.5599
75.8723
54.5056
57.7575
46.1591
45.9659
46.4172
46.4476
57.5826
85.8096
106.422
117.833
142.381
159.043
142.963
141.284
132.37
132.263
139.727
145.06
151.921
152.123
146.121
157.737
82.8039
78.1732
73.2219
52.3807
46.087
44.8414
46.8626
55.3023
49.2184
83.2882
102.928
109.283
142.715
130.564
131.214
154.815
126.707
128.589
132.437
138.175
130.584
126.579
118.822
115.446
88.8322
85.2384
80.0382
52.3207
45.8727
44.4942
46.7638
44.559
55.7763
78.2528
89.1005
98.0798
123.817
137.415
129.665
127.545
113.979
118.042
113.63
114.461
128.973
123.202
124.215
115.133
89.8138
68.1857
76.8166
51.6092
45.9155
44.2045
44.8822
58.5925
49.5124
78.2879
107.904
124.02
119.95
117.175
116.344
133.08
96.8712
110.246
113.041
123.596
124.597
122.629
121.009
121.489
85.7438
82.0506
55.6446
61.3931
46.4227
44.7838
45.9113
49.952
57.3166
52.8115
74.9757
89.0569
129.135
150.782
168.283
151.961
130.993
130.938
123.384
131.148
142.991
148.668
130.878
115.516
104.557
75.957
70.4683
49.7234
44.9434
46.3623
45.7481
57.8863
44.3959
53.0774
63.6436
87.1557
106.581
135.725
105.947
106.832
117.675
106.165
102.068
107.402
111.214
111.94
102.354
96.4376
87.932
74.991
63.9361
63.7327
45.4902
42.7452
44.6007
43.7731
55.2877
81.156
102.748
100.516
111.54
123.044
122.886
129.515
118.215
119.17
121.65
125.196
125.024
115.617
118.423
118.038
86.1782
87.3176
74.995
51.2557
45.8239
43.0199
44.4162
55.9342
48.8477
78.3692
100.429
106.758
125.239
129.48
131.439
147.535
119.565
120.132
108.356
124.496
132.588
133.712
125.335
118.54
91.9646
87.5351
71.3194
49.8375
46.659
45.7817
47.4017
51.2917
50.2591
69.4837
110.672
109.533
126
128.394
130.331
133.739
122.327
110.384
123.469
130.506
136.457
131.99
130.169
130.169
88.1906
82.6287
67.6725
48.0883
46.3353
45.1283
46.6587
43.0358
57.4354
78.8667
108.177
113.185
146.75
130.337
132.42
140.074
110.046
119.656
120.327
121.76
125.455
134.507
120.655
127.974
87.5328
90.4093
72.5307
53.2599
45.6536
44.3891
44.5816
43.9558
56.7569
78.7266
107.831
114.153
133.023
130.226
119.531
129.276
118.717
121.415
112.743
115.906
133.814
131.554
123.888
126.549
91.8899
58.4957
67.0501
55.8063
46.0416
44.674
45.2991
57.0095
46.0878
58.4478
77.4854
99.9843
123.171
138.294
141.115
134.127
121.88
120.656
117.472
123.828
139.847
142.185
116.704
115.979
119.017
74.2742
59.7996
47.8573
58.7763
46.0389
46.9785
47.7527
57.7923
47.6241
68.3316
96.3619
99.767
122.576
131.386
123.261
117.021
118.446
111.047
119.048
110.111
123.408
96.0557
95.3459
103.816
58.0566
70.5491
50.4727
47.2109
44.3241
47.8003
56.6197
49.2665
82.5541
90.6047
105.357
118.842
124.008
119.142
123.223
97.7081
112.341
117.158
126.389
126.933
130.554
134.859
120.41
83.6267
72.2211
57.7479
60.3165
46.8797
45.3943
47.4057
44.9235
57.43
74.625
114.662
107.654
136.276
135.443
123.835
125.234
100.324
114.568
115.228
106.342
124.542
134.052
123.413
110.894
92.2373
81.5222
71.4481
56.8859
45.4511
44.0404
46.5636
43.8844
56.6202
76.1597
120.164
119.013
122.535
131.802
126.001
124.702
98.6109
116.795
121.187
125.53
122.543
119.99
120.615
119.27
87.7705
87.8809
70.1477
45.7929
45.9331
44.6307
44.5129
44.4057
54.5259
76.9312
102.722
108.086
138.84
127.868
125.765
142.507
110.652
116.216
111.078
106.305
120.986
135.371
126.269
118.506
89.7845
70.8903
75.9872
52.8433
46.0018
44.5222
43.6685
54.492
43.2798
71.9996
102.796
122.116
146.938
151.489
126.719
135.908
116.467
120.65
121.344
129.081
133.869
134.644
130.83
139.295
85.7793
76.896
72.3823
51.7697
44.7228
43.9909
55.7872
51.8541
44.0751
67.515
87.939
98.4998
123.807
161.227
149.534
138.919
133.244
133.092
139.899
138.111
146.593
153.091
131.774
113.867
97.9159
72.1784
59.8876
49.8823
57.1673
45.7921
46.0758
48.898
45.1855
58.5711
64.2639
86.2543
115.032
148.397
142.164
144.341
133.024
143.299
129.406
133.199
145.669
149.725
105.69
95.6248
99.0337
70.2493
55.6227
47.2394
45.7807
57.5723
45.9082
44.3451
48.1061
85.0622
101.939
117.38
153.919
161.075
143.263
146.37
126.605
118.568
131.659
139.941
136.706
125.166
124.188
124.13
98.2274
88.3802
59.159
46.5927
45.7777
55.4066
44.637
43.9375
45.3822
72.6526
100.321
112.496
122.766
118.315
124.213
131.286
121.158
118.708
106.072
125.671
132.608
138.096
127.467
114.437
81.5217
65.6245
65.6521
48.3573
45.6174
44.308
44.2793
43.2053
55.2226
76.4748
91.9385
111.875
138.586
131.974
131.39
138.588
96.941
112.829
111.409
122.428
120.197
112.775
112.788
114.015
89.5662
74.8627
53.7178
65.7833
44.5601
43.9431
45.7414
43.9785
58.8973
78.0477
95.4206
109.508
126.867
115.607
120.185
141.906
110.984
111.703
93.1217
114.412
117.663
113.875
119.9
116.868
81.2457
78.6288
63.578
58.3023
44.4753
44.7597
48.9703
45.8035
53.2981
61.8904
101.951
100.065
117.183
134.189
123.842
128.389
113.193
101.549
111.427
129.709
127.638
119.521
116.969
111.024
83.4064
66.9815
60.228
53.2524
45.4102
56.6738
45.309
53.8431
44.0858
66.3621
81.3692
100.526
135.311
153.627
141.243
139.365
123.999
124.877
118.886
122.905
129.301
123.057
116.26
103.034
88.2756
68.2384
55.6204
50.2637
47.6263
51.5518
44.3253
45.1664
43.7717
59.7531
65.5791
83.0354
108.22
116.824
116.133
123.703
108.903
121.342
107.424
107.117
125.649
136.141
101.433
91.573
93.8015
74.2142
61.6262
46.7355
45.6595
44.1671
54.7433
43.4987
43.974
72.6682
112.297
110.084
127.089
133.491
126.258
133.896
116.902
105.492
120.808
132.468
129.485
128.369
121.81
104.651
85.0738
78.0793
63.7688
47.3205
45.8885
43.8848
45.7771
42.7356
55.3489
81.604
103.975
110.837
126.545
142.077
114.55
128.014
119.226
118.599
110.075
122.793
126.047
127.031
126.454
123.193
85.1996
77.3691
68.6728
46.9519
45.9616
45.5872
46.7673
55.0749
47.2211
82.7249
100.852
119.865
116.135
125.762
137.339
142.092
115.97
100.969
118.875
123.402
129.098
123.815
124.473
113.015
85.0255
68.3314
76.5511
52.3611
45.0978
44.0186
55.779
43.7398
44.4982
82.3284
97.0056
114.759
126.944
128.226
131.059
132.491
114.644
116.659
108.209
124.001
130.708
130.859
119.232
120.786
89.0835
80.4509
53.999
63.0518
45.5823
45.3173
43.9061
43.2933
49.6471
84.6886
105.058
109.524
115.659
125.509
119.706
117.848
107.793
100.801
106.477
122.286
122.35
120.938
117.356
115.027
86.3369
84.5139
60.6443
58.2244
44.1353
43.4993
44.4828
59.1298
44.2951
53.0046
79.6142
102.916
129.231
141.033
155.284
135.987
137.028
138.239
121.032
122.881
124.958
123.98
111.076
102.378
91.0339
56.8265
71.8573
49.4895
45.2985
45.2288
45.7413
43.7927
45.102
58.851
63.1646
80.6761
110.461
130.368
118.242
115.032
114.357
113.535
110.942
116.981
112.399
110.025
97.9815
79.39
74.2405
72.3583
75.007
51.0608
46.0509
45.1521
45.3591
42.9045
57.3592
76.3547
89.2614
112.419
123.202
131.695
124.343
132.412
104.75
118.539
120.352
119.302
141.454
137.51
123.998
128.884
83.8659
81.8239
57.5239
61.1248
51.7643
45.9897
44.1898
42.41
58.4397
79.4061
98.497
109.463
131.494
133.89
126.927
132.455
115.729
124.9
125.914
139.807
147.666
150.41
143.706
136.857
97.7679
82.1686
66.5954
49.8473
46.2006
45.0145
46.6322
42.6482
55.5666
72.0626
103.503
116.293
154.658
167.731
164.25
169.28
142.607
150.999
155.546
147.737
171.002
162.327
164.24
135.477
101.888
88.2943
79.7033
56.293
49.3898
46.7987
45.7918
43.9205
56.6646
85.0801
99.1573
133.811
147.989
160.92
170.127
178.553
147.353
155.98
158.02
167.122
154.441
166.684
156.295
135.528
91.8491
83.6988
58.9271
58.84
45.9626
44.7874
44.4425
43.6465
45.0746
85.5313
99.5323
105.38
145.246
146.935
137.403
149.058
133.252
135.037
128.133
154.51
149.803
146.562
145.752
127.034
94.3464
79.3179
71.036
52.5532
44.9789
44.6737
44.4418
43.4222
55.1238
57.4072
81.1196
101.247
135.308
147.896
152.895
141.198
135.389
143.331
139.429
145.381
147.916
158.121
127.62
106.141
95.4528
73.0852
57.3266
48.4469
56.8047
44.1993
44.5412
52.9202
44.0164
58.8749
72.538
103.9
104.374
123.296
127.759
132.085
121.948
117.3
107.992
112.564
118.826
124.746
96.5238
98.8861
99.5333
69.626
54.6649
47.328
45.2268
44.4728
44.637
54.0679
55.293
59.6101
88.733
107.548
134.207
124.832
133.322
139.738
107.452
114.155
114.774
125.552
121.264
126.699
84.6614
88.3259
74.8589
71.4741
56.9173
57.3783
45.4172
44.6683
45.3125
43.3117
49.8385
74.2315
101.201
111.24
127.999
134.351
127.201
133.869
112.764
104.177
118.903
129.482
115.616
134.287
128.462
127.803
83.5378
73.0374
55.7833
45.1625
55.9538
43.8794
43.9711
43.2824
55.2885
84.5981
90.5985
132.63
139.535
135.041
131.268
141.683
113.048
102.284
115.847
129.704
132.308
130.142
132.975
129.427
85.1877
75.0818
60.5038
58.7562
45.4005
45.4702
45.6802
45.2506
57.0119
77.9391
107.812
108.24
128.227
137.905
137.133
124.796
122.881
121.303
124.213
143.628
141.1
136.555
139.812
121.461
88.0457
78.3577
71.6903
47.0395
45.0359
43.5071
46.0477
54.2764
44.2313
73.018
106.085
125.528
151.215
150.079
131.366
138.946
115.747
119.458
125.971
138.591
122.615
139.214
130.43
117.574
89.4424
83.2002
59.6802
48.9641
55.403
44.3385
44.65
45.5774
44.168
70.8218
89.2746
113.377
137.687
133.715
156.94
146.062
135.485
143.211
126.851
128.307
130.642
131.956
118.027
113.193
111.161
60.2453
56.9071
57.8494
44.3368
44.335
44.7449
53.9326
56.2007
46.4105
69.6957
97.6442
110.839
118.962
129.33
131.231
116.611
116.885
109.882
111.172
114.411
129.698
99.5673
87.1544
82.7591
70.3146
55.6407
59.4838
44.2202
43.1415
43.7897
42.2362
56.2534
74.3809
110.335
115.141
125.882
130.99
119.004
128.359
119.975
128.725
121.342
130.812
136.437
133.647
131.027
107.222
85.3688
78.5964
62.9696
55.9961
45.0597
43.8238
43.5237
53.11
43.7959
89.7739
108.779
119.695
139.102
159.456
142.858
151.953
126.05
131.805
129.932
138.604
147.824
152.322
137.776
123.452
82.8601
77.5239
63.8462
47.5833
44.8226
43.9055
44.711
44.0381
55.6764
76.3477
95.2508
122.819
149.013
135.184
134.932
152.618
135.609
134.264
135.299
165.727
176.8
157.507
138.144
132.083
85.1607
79.8082
67.6814
47.7347
44.6027
43.3389
44.5565
42.7994
57.6839
75.7988
90.6193
120.388
135.357
135.275
128.647
150.609
109.57
124.715
133.361
134.724
150.674
144.523
125.784
116.354
82.7528
77.7438
51.9811
47.2554
44.8494
54.1072
43.8006
42.7416
46.0268
84.5309
93.2151
107.346
128.698
126.17
120.522
111.394
101.747
113.237
117.761
129.121
125.283
120.97
122.356
126.147
87.0459
75.5897
60.357
49.8682
44.4071
55.9972
44.7819
50.004
44.1189
65.8009
77.2422
102.479
142.816
140.559
156.998
147.664
133.692
138.155
128.054
128.5
132.791
145.952
114.77
104.774
100.197
72.5225
61.2565
46.5035
44.0157
55.3796
44.3874
51.6362
43.9731
59.3285
65.9462
82.3387
127.021
132.111
120.378
116.214
114.185
117.858
108.153
110.173
128.972
122.222
97.6997
86.0987
81.2904
70.6464
62.7229
50.0554
55.745
44.2358
44.5253
44.6235
58.501
70.6898
96.1991
103.215
128.789
133.973
126.666
137.154
111.984
120.982
121.204
128.133
140.909
132.822
130.188
118.462
87.1782
68.8163
54.6717
64.4392
44.4158
43.7729
44.3863
44.1349
54.7705
85.6482
90.9389
112.765
129.887
131.623
119.703
117.906
118.765
122.683
121.965
120.13
141.995
139.528
128.358
131.04
86.5113
68.9394
53.1618
46.8827
57.1369
43.2627
43.9531
43.1841
47.8682
83.1934
100.51
105.099
125.919
139.338
140.257
130.478
124.212
124.012
132.254
140.342
135.124
141.221
139.912
125.939
87.3895
89.1055
76.1608
49.1005
45.1034
43.356
43.5315
42.8518
55.3687
97.9768
97.6373
119.727
133.059
124.157
127.101
134.805
118.052
119.208
116.026
128.868
128.323
123.827
140.845
141.011
87.1844
86.7517
66.9371
53.1608
50.1015
49.724
43.8121
42.2818
56.8987
72.2097
105.716
111.141
121.297
119.506
123.168
131.3
116.971
115.458
104.941
129.654
134.506
134.076
127.487
117.176
83.8717
84.4665
61.9002
48.2469
52.2052
48.175
44.6221
51.2551
44.5682
68.4749
78.4037
95.6667
125.323
144.664
146.697
148.772
126.738
139.502
132.617
126.107
137.1
144.894
129.724
111.955
93.285
72.5181
55.4674
50.2348
44.3455
44.7627
55.5693
49.6541
44.4685
46.9843
65.4854
83.3568
104.34
131.6
111.586
119.466
106.815
106.706
103.477
104.51
118.178
118.853
92.1575
76.1106
65.3603
66.9572
65.6715
50.077
45.7068
43.5023
43.6777
42.2615
55.9689
78.0213
112.333
115.705
138.243
118.196
133.095
145.976
117.664
123.445
119.67
124.165
137.777
132.849
130.715
127.627
93.0592
82.1043
54.6231
52.2494
44.9938
43.6141
43.5195
43.2782
54.6137
68.8954
89.5425
124.729
136.059
137.971
124.645
134.346
106.789
120.063
126.917
138.392
134.946
141.096
130.539
128.61
87.9658
69.7489
53.2346
48.6883
56.2654
43.9941
46.0013
42.934
44.8659
85.6123
104.736
119.804
145.722
141.478
141.573
172.657
130.636
122.197
141.234
158.586
158.132
167.745
148.875
140.805
91.5092
87.9884
73.1576
48.4747
45.259
44.0554
43.8293
43.1637
55.6226
81.4914
99.0303
134.195
146.15
161.106
168.385
173.8
152.106
152.205
148.215
159.945
171.171
167.435
162.202
159.277
93.8428
84.976
70.7735
54.806
50.1699
47.5134
49.012
55.1636
45.6283
81.9901
117.279
137.078
180.884
193.882
187.773
188.591
174.281
173.423
181.453
193.783
192.097
190.039
168.496
170.254
105.549
91.1186
80.3063
53.4278
50.8996
53.2944
61.3286
51.324
49.4637
77.2266
106.917
143.81
171.602
206.685
190.767
194.223
192.047
187.237
191.151
196.607
207.695
218.721
182.752
150.569
133.892
87.8627
85.6568
61.4304
50.5772
51.9661
49.8358
60.6476
47.5316
53.8806
86.8118
135.823
138.313
160.137
164.744
153.881
158.845
150.211
143.705
152.59
151.773
153.966
116.337
100.663
99.4873
78.198
73.0451
54.8819
46.843
54.8533
44.1584
43.0176
44.8145
92.0099
100.822
120.268
157.969
170.316
155.465
162.804
153.721
146.45
156.92
166.197
165.676
161.167
146.189
127.358
90.6296
83.5956
76.1341
49.0246
48.4042
50.6092
46.8701
45.0185
57.6365
95.975
112.6
153.041
152.548
160.786
155.055
149.639
148.677
147.934
140.074
159.185
164.593
156.778
166.705
136.598
77.1944
72.2794
67.8771
45.8966
45.5458
44.7245
48.0111
52.1582
48.6628
83.5433
99.1077
132.302
141.161
148.456
137.864
142.322
129.525
140.348
145.132
152.627
158.491
157.282
150.655
133.956
96.3768
78.3775
69.7621
51.2823
46.7103
45.8848
47.9489
56.3093
44.6264
96.1835
99.4916
121.697
149.106
150.817
140.055
153.508
143.213
142.178
153.167
157.531
165.936
162.706
154.041
146.961
88.8311
68.6248
69.4098
47.5865
46.9876
44.4255
46.6613
49.1848
47.9875
83.7309
109.118
125.509
160.481
165.669
160.772
157.677
137.593
152.23
152.524
163.656
167.96
158.658
154.71
128.409
91.2721
90.5099
66.3747
61.7697
45.7868
44.994
45.3741
50.5729
45.8449
77.2073
90.039
107.078
143.102
182.062
192.387
204.104
177.198
182.804
183.358
191.742
188.676
196.511
150.064
121.227
99.2167
77.4171
70.4424
51.8949
46.8344
46.2913
46.3817
55.744
55.2763
47.7398
72.6131
114.002
142.208
164.438
162.572
146.792
152.064
157.141
148.416
152.641
145.408
144.746
110.338
100.192
98.3942
72.2828
67.844
47.2751
46.3596
44.5118
45.4205
54.8766
45.7748
93.5453
119.588
124.953
156.928
171.756
168.347
181.474
160.605
153.145
145.821
171.063
167.364
168.331
159.187
140.588
90.6079
78.4306
68.3695
46.5461
45.4098
43.667
44.4024
53.8584
46.2093
97.0978
116.548
150.786
169.427
171.285
166.968
181.865
148.536
150.924
154.464
158.554
170.665
166.233
163.859
152.471
95.6106
93.5301
67.3832
61.3057
48.347
47.0473
46.8444
46.27
55.6584
81.6798
118.352
129.921
162.771
162.849
163.861
165.544
161.117
163.466
168.905
183.18
173.296
165.492
172.493
151.929
109.353
85.2577
62.707
52.6053
47.6889
45.6329
45.5237
54.7527
46.5796
96.1845
110.016
123.951
158.779
168.405
167.925
157.252
164.093
167.271
162.822
177.34
188.692
178.016
165.199
165.093
106.789
90.1962
72.9914
51.4727
48.4921
46.6059
46.1993
44.428
54.3227
82.6177
117.495
136.906
196.471
186.323
207.589
190.295
167.165
173.373
174.563
187.135
193.816
177.669
163.881
145.451
87.6117
77.014
62.9114
62.0363
48.8259
48.2235
47.7677
56.2069
55.8362
68.4371
95.3859
122.08
155.493
207.642
187.993
182.883
178.53
167.572
165.368
162.989
166.15
169.454
150.393
125.381
109.08
81.508
85.5859
55.4485
46.932
46.3575
56.028
50.7497
45.5127
54.1678
73.6198
97.2789
134.589
140.556
169.862
153.44
143.724
149.077
140.654
149.149
152.361
157.846
126.116
102.381
95.6897
72.1811
71.9604
52.944
47.9906
46.0137
45.9748
45.5076
55.2127
69.8143
89.1209
112.247
115.054
136.583
140.037
162.259
131.078
138.009
132.386
149.265
152.362
136.536
116.915
84.3312
79.4387
81.4183
62.2561
59.7025
45.7388
44.5714
44.4762
43.0679
53.0058
85.0142
97.2108
125.962
142.67
165.38
149.427
153.62
127.424
141.042
147.468
153.186
159.547
158.698
148.939
139.212
93.519
83.2906
66.4616
46.471
46.2491
46.0279
48.1671
46.445
54.759
83.7452
118.883
127.331
155.169
155.459
161.822
175.806
144.676
147.819
149.144
157.557
165.861
160.797
150.455
140.368
93.8511
74.9877
74.1318
59.9709
47.9302
47.751
52.3968
46.0482
55.986
80.5151
106.504
112.644
154.461
138.734
147.554
150.381
143.436
146.369
140.385
157.883
159.891
155.255
161.855
135.506
78.0921
71.7436
67.1962
49.9245
46.581
55.4163
48.0398
45.0442
51.2941
92.8394
105.73
123.012
137.308
150.25
144.817
153.382
142.36
125.682
143.138
162.806
155.104
141.009
141.23
127.701
90.6436
80.2291
68.0554
51.7002
47.0428
45.7241
45.3999
44.0805
46.3329
73.6664
80.9274
91.8638
136.674
138.048
161.435
144.346
141.864
152.562
143.579
142.747
162.838
151.583
132.757
114.553
97.8003
70.7652
63.0329
49.0945
45.3432
45.3248
56.6978
52.434
45.2391
45.867
67.8049
97.2498
125.632
155.983
144.488
133.79
128.745
136.036
135.928
138.72
142.151
140.128
113.934
99.8831
93.6844
70.2569
59.6405
49.6368
46.0729
54.9001
46.3645
43.1056
46.4359
88.8955
105.486
150.484
155.165
163.724
164.744
172.933
152.098
148.313
156.635
168.159
169.895
158.291
156.207
142.83
98.5173
89.7176
70.037
71.3456
47.0165
45.4473
47.2569
44.4328
56.0262
89.12
104.09
138.689
152.918
165.044
160.216
165.855
144.273
173.706
166.07
165.504
168.427
153.245
154.704
144.689
98.1235
78.0843
77.7018
52.7188
48.0429
46.296
45.2824
43.4569
59.574
92.5779
131.293
151.288
162.713
159.047
161.85
172.469
139.685
151.438
155.718
164.691
168.21
160.247
159.436
162.54
104.885
85.1728
68.9993
49.6877
45.7581
43.8833
49.3121
45.8716
54.8216
93.5945
110.737
147.254
144.814
149.083
156.942
158.279
143.764
145.691
143.848
158.444
168.252
160.542
147.212
138.254
91.4287
84.079
56.9358
59.2725
45.6704
44.0403
44.3369
43.7066
52.4948
82.8829
92.2915
105.182
132.327
133.147
135.338
152.255
137.037
134.706
142.658
143.534
162.083
160.461
156.385
132.02
90.2263
79.4185
75.5657
53.7047
45.0468
45.0041
44.9045
55.8519
44.0101
71.6899
89.586
107.986
149.08
160.831
197.862
170.447
163.136
157.503
150.367
155.519
180.289
173.179
144.629
127.456
113.925
84.34
76.7008
54.1367
46.7091
45.6343
55.1536
48.4817
44.8755
58.1954
71.7248
105.869
130.624
147.471
160.009
151.08
146.408
153.597
152.589
146.782
157.59
161.522
126.921
104.987
104.513
80.9073
79.8331
50.4856
46.5486
45.1722
45.3222
43.7928
54.8042
88.0865
109.745
132.145
155.743
167.242
153.882
160.354
147.292
140.694
154.1
164.044
166.652
159.36
151.497
139.833
88.9518
81.3553
66.9699
47.4315
47.4433
56.3173
45.8812
45.106
52.763
85.9313
99.6258
111.954
127.352
141.612
145.833
157.923
145.91
140.77
145.715
163.911
163.471
157.463
143.489
138.717
90.8664
81.3063
61.3222
51.0984
56.4691
46.0292
46.2927
45.8769
56.4612
88.1675
109.112
129.52
165.081
166.505
164.152
174.117
152.394
151.49
153.525
155.612
171.422
155.407
145.461
120.857
91.9868
78.8936
64.546
52.8445
46.4478
54.856
45.0358
44.2602
50.0729
96.0872
109.196
138.842
144.367
164.435
163.361
162.004
157.015
154.089
168.286
175.305
181.362
165.428
157.021
145.648
95.182
85.5872
75.939
54.8479
49.6889
47.7903
46.6197
54.9873
55.2035
90.7707
108.496
143.792
155.755
162.044
161.22
173.533
156.398
143.085
158.245
167.525
171.56
162.989
160.272
155.268
96.0314
96.7485
74.2104
70.2589
47.0399
48.4486
47.5174
56.4592
45.8441
72.0627
96.7053
122.603
147.203
195.064
184.315
181.839
178.73
174.993
154.39
161.953
181.564
170.793
150.453
138.349
130.902
76.2697
62.8863
55.0823
50.1081
52.6747
46.3275
44.695
46.5759
57.6714
72.5558
108.614
137.313
141.59
162.639
178.301
151.671
154.493
151.311
153.52
160.289
173.032
120.896
102.118
96.1674
75.9756
61.7107
53.7301
48.5773
57.1143
47.0717
45.7429
56.745
93.1871
120.963
139.141
173.361
176.317
176.417
185.655
170.465
163.035
161.835
174.107
177.679
169.718
166.537
158.298
95.8697
94.0349
80.9271
56.9121
48.9232
47.3438
46.3095
45.1363
59.4001
85.4534
106.206
143.13
159.149
169.378
170.095
177.008
158.772
156.995
150.942
166.793
162.943
168.145
162.025
148.486
89.8722
77.996
70.8422
54.4939
46.3325
44.6475
46.9374
43.943
55.537
90.8736
118.013
141.601
154.578
157.223
154.958
153.998
148.513
139.582
156.453
165.455
171.694
161.047
157.606
156.074
94.7539
87.6102
73.6655
48.0521
48.112
46.9095
57.5069
47.2191
45.8674
94.3959
115.449
131.022
148.514
156.574
143.747
165.32
148.076
158.598
154.926
156.615
174.278
163.091
149.361
141.565
95.2799
83.3707
67.1386
52.967
48.1435
56.2504
45.8781
44.4859
59.7919
77.6799
109.473
121.4
149.288
149.298
168.81
168.858
150.304
150.669
155.316
152.569
163.89
160.153
152.045
149.011
98.8781
93.7645
79.1128
49.7548
47.1146
46.4094
46.2759
51.0449
56.4076
63.1281
83.8726
110.651
138.958
179.748
182.064
170.213
158.789
163.539
158.492
155.732
162.165
157.26
129.198
113.679
101.674
70.517
56.7855
49.5152
56.0646
45.7513
45.7521
45.8435
45.5157
58.2451
68.7434
96.7511
112.555
126.289
163.025
146.542
132.241
146.714
130.724
134.497
147.746
142.834
113.586
102.944
105.311
70.4665
59.3283
51.6267
46.2901
45.0298
45.0763
54.5201
47.7666
89.0566
96.6322
128.799
147.736
154.217
160.904
170.916
147.094
149.326
153.892
159.835
166.176
157.049
165.995
146.777
93.204
73.5875
68.4967
53.2971
46.9257
45.0521
44.8544
42.9913
55.4608
94.2501
104.74
127.984
152.395
151.941
144.81
162.24
143.098
149.504
151.551
148.232
164.809
166.325
150.989
145.28
95.6097
82.1484
60.0767
60.5048
47.2186
45.7844
45.6436
44.0108
54.1333
86.8108
103.882
128.002
142.414
156.204
159.797
176.571
139.156
149.401
157.349
165.025
167.371
162.104
154.53
148.384
97.4317
76.5119
66.0468
50.9598
47.8325
55.7845
45.34
44.1028
50.7114
89.1973
103.126
117.514
143.527
156.111
151.818
159.694
153.638
144.19
155.169
163.433
165.958
158.759
154.901
154.665
87.8735
87.5322
71.4642
52.7014
47.808
45.9354
45.7192
44.3735
56.8088
79.4523
108.215
114.07
141.553
152.201
152.964
156.852
141.749
146.235
144.207
159.648
158.155
157.768
150.99
148.588
84.6011
79.526
68.492
52.2813
46.3888
46.4517
46.025
46.2859
55.3549
64.4513
91.2442
113.324
140.972
165.09
178.303
163.631
156.154
165.995
157.776
162.952
170.721
160.704
146.769
129.641
124.973
76.9735
70.206
51.2077
46.7418
46.0553
55.8511
50.8079
46.1949
55.9838
67.7972
111.227
115.904
156.811
151.572
157.748
147.653
149.927
140.106
140.56
144.27
147.735
116.468
110.192
103.806
61.5661
70.6461
51.08
48.0766
45.8259
45.5736
54.1816
46.1753
81.7818
111.703
116.714
148.03
151.449
152.743
155.994
155.784
140.838
155.284
162.666
163.321
163.481
163.882
152.051
101.877
88.5403
66.1473
51.7653
47.2489
56.5784
47.0972
45.8795
45.9506
86.1382
112.179
139.574
144.171
156.147
159.717
174.944
152.908
150.399
148.898
165.304
173.234
159.451
151.536
138.433
88.3097
63.829
63.891
47.1836
46.6309
44.2626
45.1528
54.4951
45.6922
92.941
112.592
119.213
131.975
143.094
137.144
147.406
142.814
139.209
153.88
159.423
156.422
168.173
142.047
132.943
91.9294
84.68
73.362
55.1451
49.3498
49.5654
50.8661
46.024
57.953
83.3702
115.51
127.365
140.944
138.663
150.59
159.554
134.61
140.833
147.259
147.678
158.062
159.822
149.135
146.117
85.3251
77.7377
62.0019
52.2309
57.0156
44.7668
45.6503
45.0222
55.4667
84.6349
105.516
111.672
126.976
131.836
140.655
143.679
123.813
132.197
136.83
141.831
151.173
145.906
138.881
137.901
93.959
89.0576
76.1878
52.0169
46.0785
45.4242
45.1236
55.6881
45.5927
64.1247
84.4923
113.2
130.568
129.114
157.541
147.156
141.072
154.022
143.601
145.92
155.791
160.348
143.423
135.693
125.204
74.5592
67.1128
61.2899
46.2785
45.5911
46.1093
60.5352
45.1977
47.8684
67.3224
94.3774
103.409
112.456
137.396
139.109
123.846
124.676
121.092
131.157
152.295
151.21
104.707
85.4318
83.1669
58.1463
70.5156
50.1704
46.2781
44.5169
47.8288
45.0166
56.3201
74.9746
109.132
107.19
122.132
142.501
143.081
152.897
121.752
116.004
134.906
147.453
156.885
153.682
145.856
135.128
91.7558
80.9029
55.7931
57.5666
45.6466
45.3829
49.5864
46.1098
55.8236
76.3631
107.368
105.019
129.367
135.264
128.448
146.839
135.288
134.654
145.417
156.497
143.847
152.961
143.551
134.481
86.0183
82.6339
67.0981
56.5996
45.5024
44.2808
44.8491
43.7305
54.866
77.4665
96.8985
111.031
140.349
149.693
132.239
139.881
133.395
137.94
134.724
162.868
159.271
148.599
137.962
136.666
87.3556
75.8265
68.931
49.3991
46.2604
44.6859
44.619
43.6765
55.3748
80.5406
105.897
113.939
123.297
143.986
143.691
143.678
133.118
137.582
134.435
153.37
159.219
157.207
148.946
139.211
85.5759
82.2219
68.3066
49.6761
45.8549
44.4964
45.0126
43.9405
50.9301
76.1699
94.3285
112.498
151.538
124.306
135.246
145.301
135.214
136.943
131.663
170.943
174.412
158.171
151.074
132.285
94.5618
74.8611
69.2139
57.1495
45.5435
45.1019
45.2595
48.3003
56.0583
60.6221
89.13
123.566
135.3
154.042
161.797
165.533
149.594
152.09
150.228
157.541
171.475
185.509
137.979
124.53
111.751
60.9334
78.0816
51.2467
46.3648
47.1951
46.8799
63.4885
46.6524
48.1527
73.7674
106.734
109.684
140.557
141.133
148.301
142.708
147.195
134.631
139.878
141.497
147.363
120.612
89.3596
80.7686
73.9291
74.0178
56.8204
46.2421
45.8959
46.4799
46.2893
55.1342
77.6257
109.595
121.306
146.636
147.077
150.82
172.799
149.011
151.469
154.428
164.658
166.821
157.83
156.836
158.477
84.9043
81.1153
75.7987
54.3216
46.419
45.203
45.9882
45.1781
55.5307
83.3646
117.538
127.418
169.581
169.119
157.667
177.51
160.555
163.034
170.984
175.912
171.852
157.884
155.652
148.493
98.1651
93.2977
80.6719
55.5235
52.0834
49.7678
49.6899
48.1115
58.1032
84.23
106.392
132.971
157.958
172.056
174.866
191.909
167.096
171.481
160.163
176.096
176.12
159.96
163.974
152.803
97.8407
91.0556
85.781
60.6456
51.886
49.0926
48.0457
46.7013
57.7814
100.232
112.409
151.573
162.179
184.088
186.194
186.249
174.611
170.601
173.919
179.797
162.607
171.735
159.89
149.149
103.167
92.5205
77.5441
75.1368
52.3983
49.4104
48.8093
46.137
59.4771
87.5138
115.754
144.674
159.95
188.182
178.869
206.328
161.412
172.975
176.582
172.377
174.87
164.743
158.812
151.216
97.3355
87.6906
65.1069
54.5467
53.3412
47.7282
47.7544
52.7765
47.1242
75.615
91.1107
128.836
161.79
195.516
182.421
205.188
187.398
197.548
181.977
182.344
180.034
168.431
156.277
121.853
109.071
84.4817
73.3452
68.4649
49.2122
46.4922
46.6084
51.7865
47.3209
58.804
74.5384
114.92
129.381
158.855
163.102
165.247
163.36
160.792
155.54
155.098
159.455
159.471
117.99
99.9043
100.469
76.1081
62.5592
52.5373
57.8856
46.1898
45.8132
44.052
57.7208
77.335
101.113
138.605
137.46
154.373
177.476
177.887
139.457
148.029
154.688
154.714
164.445
152.779
149.014
146.141
94.8781
68.7122
68.6707
51.3374
49.6606
46.1308
46.4353
55.3543
47.4186
81.2551
115.495
119.243
150.553
166.674
166.701
178.756
162.543
158.54
160.321
174.583
170.463
167.621
147.511
139.019
105.299
85.8668
61.6876
52.4072
48.1937
46.2145
46.9511
46.6264
58.9415
92.4621
102.323
123.529
156.179
166.082
158.51
166.634
152.28
142.701
157.759
171.107
170.478
160.61
148.171
135.926
94.4343
89.6333
80.516
54.9947
49.8359
47.9917
47.739
45.734
58.9121
83.3283
115.222
126.4
150.145
167.286
144.562
156.3
141.728
143.054
134.696
152.67
155.755
152.445
152.012
146.271
90.7972
84.6914
74.1394
50.1566
49.0428
46.5935
48.5782
45.0722
57.8781
78.8692
96.2657
136.008
148.563
149.929
141.449
162.865
134.33
139.33
141.105
148.37
143.498
154.116
136.773
130.11
90.7088
78.6737
68.0872
52.3852
60.1054
45.0018
45.7131
46.8953
46.2942
74.8774
86.2367
104.034
127.974
138.281
147.7
147.115
149.417
139.772
147.565
149.768
157.519
152.699
125.43
115.809
104.749
60.9243
77.0229
48.5419
46.4344
46.096
46.4241
47.3613
46.9583
60.9907
68.9913
86.2419
120.19
133.72
146.884
160.316
139.455
141.893
134.532
137.807
142.892
164.003
115.432
100.35
98.6164
75.0783
63.9843
63.243
47.1174
46.1842
46.7163
46.291
57.8976
68.9606
88.7928
117.554
146.431
132.715
155.62
171.607
154.765
137.015
146.75
163.874
168.433
154.569
108.143
102.793
92.4468
78.2848
62.8461
60.93
48.6194
46.8737
46.707
45.1885
61.0555
79.6693
103.888
142.332
154.725
166.068
158.938
159.474
144.789
141.231
147.063
163.234
166.058
170.511
154.906
143.844
97.6577
92.6024
81.8731
52.2093
47.8955
45.8043
45.8476
54.0945
46.3056
86.7259
118.692
131.013
149.819
152.52
157.612
166.483
138.665
140.84
138.774
153.314
161.271
154.798
151.578
145.53
91.7274
90.8066
65.3063
60.9386
47.8289
46.3746
47.5341
56.4559
46.622
78.3593
115.716
124.028
148.21
158.871
151.059
153.442
145.476
137.274
157.148
165.36
163.636
153.971
145.66
140.268
89.7068
83.8027
74.8118
49.0963
47.609
46.4043
46.6701
56.5118
47.0376
78.7814
118.266
121.462
142.075
157.355
155.738
156.844
136.302
141.151
133.896
155.245
156.628
146.767
135.872
138.14
86.1605
79.4628
68.3077
54.126
46.8704
46.0144
46.3693
49.4679
47.245
75.2159
93.6669
128.357
134.427
133.622
162.846
156.555
149.791
151.997
144.786
149.743
141.537
151.402
134.257
122.008
107.806
76.004
61.9211
53.1138
47.5928
57.592
48.4529
57.1727
47.1639
58.6075
69.9725
95.9742
125.066
139.312
125.657
126.114
129.317
126.893
120.765
124.03
125.344
124.134
103.743
102.198
98.9289
69.3579
56.6378
48.6854
48.8886
56.8884
45.4533
44.3167
45.6654
70.3396
102.662
111.986
137.552
147.525
134.537
141.318
118.486
110.999
123.658
128.228
136.298
131.898
139.803
122.704
83.8736
85.3562
71.688
49.6125
47.023
44.8869
45.6665
44.8419
54.3073
81.1501
94.2534
119.034
154.537
145.887
148.934
160.552
124.154
137.987
128.88
145.074
152.864
141.316
138.577
140.684
96.9551
83.4376
64.097
58.2949
50.1615
45.5085
45.3492
44.4932
56.8743
82.5809
90.9889
132.791
142.225
143.966
145.774
173.925
122.302
132.644
133.636
142.586
158.771
146.58
142.111
139.755
94.0522
80.1343
62.0448
64.733
47.467
45.2368
45.7119
44.0106
56.6826
78.1337
96.7148
125.871
133.329
148.721
150.371
168.694
142.451
145.358
151.952
161.431
166.564
166.546
143.727
138.777
93.3737
78.5979
57.7082
59.5452
47.5628
46.587
46.7647
46.761
59.0975
68.211
105.143
122.862
150.339
152.727
166.147
185.368
161.125
168.051
170.73
178.576
171.066
159.098
157.633
144.647
102.05
86.3624
82.624
51.0476
47.875
55.2403
46.435
44.6402
46.7486
74.9181
82.0725
112.029
131.157
154.268
169.719
180.249
159.81
160.397
149.57
149.564
156.333
173.121
147.1
125.736
119.432
85.9985
69.6836
66.3836
52.173
52.4569
51.4307
62.0009
60.8875
55.548
75.2986
122.336
143.919
188.48
179.818
168.384
152.271
150.73
149.991
151.388
148.846
151.827
109.822
103.72
105.286
91.9312
70.5738
59.211
55.1939
61.0408
51.5362
50.1669
60.0095
103.126
123.64
157.211
173.168
182.266
174.115
170.998
163.156
149.786
162.682
177.511
173.469
163.723
160.994
156.79
107.552
95.9989
85.8966
55.5544
48.1621
46.8095
46.8345
55.2665
49.0686
90.4767
113.694
118.366
132.747
153.13
144.011
143.723
137.467
140.395
137.959
152.671
160.904
148.519
159.427
140.109
84.8552
83.273
70.6614
58.2577
47.6599
45.3384
45.7625
44.9407
56.0358
76.0014
107.315
109.374
147.75
141.247
144.914
159.623
134.312
127.482
137.942
151.248
156.782
148.324
149.497
140.472
101.933
91.0959
75.8154
49.7435
47.1439
47.3835
47.5556
58.2311
48.5552
88.2721
89.0648
123.411
139.433
159.543
158.826
165.676
141.341
150.849
156.864
164.924
161.281
162.079
149.517
133.866
97.7067
78.6987
70.9302
51.6276
50.5582
47.057
45.8106
54.3077
46.7751
74.4272
114.454
116.508
164.715
166.855
163.273
186.779
162.931
173.787
173.632
180.945
186.406
170.202
152.937
144.676
110.912
91.8397
69.2366
55.5396
54.3541
56.8099
50.3993
56.594
50.8005
82.3684
94.6099
123.292
171.411
215.799
205.645
223.493
207.042
209.697
201.676
197.105
210.296
208.173
177.846
152.105
138.283
84.9821
86.4384
61.742
54.2129
53.9098
55.004
59.3978
61.3813
55.7436
76.8539
118.573
134.203
192.581
170.921
167.952
171.114
178.015
166.862
160.581
155
162.093
145.374
116.6
107.697
89.5375
72.4054
63.5832
56.4021
52.4973
60.8999
50.1816
59.3881
98.2511
112.223
148.753
164.473
183.831
174.109
173.334
166.299
157.228
169.572
182.221
178.18
172.999
176.846
165.367
106.762
93.0029
68.1301
69.2976
54.1212
51.9588
51.7881
49.8204
59.9921
96.8423
111.988
155.266
177.913
204.883
190.679
199.709
153.307
169.373
175.47
180.255
176.62
158.678
155.909
156.328
104.545
88.5845
67.018
52.4521
50.1652
47.6333
47.7939
46.254
57.8779
88.8491
121.124
141.522
173.239
175.738
175.14
184.932
159.578
160.605
157.708
182.162
172.051
156.02
161.888
144.742
100.893
86.8018
64.1574
66.9769
51.6794
48.6559
50.033
47.1564
61.3456
91.1271
106.905
133.592
158.684
181.589
189.787
192.101
175.41
184.109
188.287
188.203
184.469
180.412
166.425
161.451
108.651
92.0611
82.4519
62.1129
57.0562
53.1376
53.8373
59.9332
52.3725
91.1786
130.404
140.244
161.289
185.002
184.615
205.656
170.2
182.438
186.988
193.409
180.643
177.059
163.275
162.825
110.832
107.51
73.5708
57.3099
61.0952
49.911
49.0947
53.4106
58.3139
68.6622
93.6682
109.427
152.132
157.414
171.615
180.802
166.587
172.214
167.858
170.108
175.964
176.038
160.248
131.868
124.329
75.2615
79.7798
55.3359
47.7579
46.791
47.1174
48.1618
48.5686
59.5033
67.3751
88.0815
112.321
128.979
133.519
136.939
132.046
132.119
126.023
122.259
144.86
134.849
110.1
100.353
93.1003
66.8571
81.4456
54.0282
49.4386
48.6067
48.4108
57.6103
47.8074
93.8924
98.6839
110.738
123.151
134.823
131.559
126.495
136.372
137.897
148.237
165.88
162.172
148.173
149.207
135.456
83.4688
86.7633
63.0945
66.0854
47.9859
47.65
48.2576
47.9306
58.6455
83.7022
106.623
114.658
148.096
147.128
140.06
152.093
138.77
141.843
154.012
159.275
160.354
148.229
143.854
140.011
98.9917
90.2221
80.342
55.8093
50.067
47.8655
47.9658
45.0722
60.8187
82.321
92.4469
135.704
155.431
157.716
159.618
173.125
149.324
154.702
167.023
169.416
163.475
154.87
153.53
149.187
97.8255
91.1776
58.6638
69.9598
53.7065
46.4743
46.6968
45.5744
58.2714
85.1033
104.083
115.065
124.993
135.57
135.815
144.335
126.262
141.785
155.829
169.794
155.203
137.052
135.633
119.815
84.7382
83.7472
74.3649
51.3078
47.9318
46.148
46.668
45.0273
62.417
80.7022
108.325
109.726
128.274
141.134
136.312
137.514
124.76
139.024
144.817
141.479
144.431
139.882
153.56
138.897
94.3003
92.7109
76.6784
51.3109
48.4997
46.3122
47.0743
58.4315
57.4778
60.6739
83.2098
103.864
145.965
149.016
142.036
150.504
135.792
139.179
135.997
140.302
148.869
157.198
130.738
131.291
121.876
59.6233
73.4163
49.0455
47.3387
47.3034
47.441
56.4241
58.4121
48.6651
70.2534
88.4433
108.272
137.472
117.511
127.057
111.244
114.009
98.6801
91.642
111.451
116.587
94.8909
91.3932
93.701
70.3396
69.0983
50.3839
48.5043
46.9086
49.1648
57.9847
46.2688
77.266
97.7108
104.802
108.071
115.72
120.985
133.727
88.8859
103.298
105.693
109.257
121.416
119.079
99.9654
108.931
85.0958
92.9663
67.7304
64.871
47.4749
46.1595
45.958
45.4769
57.907
73.1767
87.3559
112.289
119.332
136.264
133.576
125.933
122.302
112.395
125.432
142.188
140.108
137.203
134.511
130.127
78.9913
82.6617
62.9229
58.8993
48.1486
46.9765
46.3772
45.1384
55.6779
70.9657
101.146
105.62
147.692
150.283
145.311
156.413
143.955
150.789
143.571
162.656
162.178
155.971
154.753
163.288
95.1869
87.0602
75.1497
56.8835
51.2662
47.7157
47.4847
46.1275
59.0412
82.0635
111.573
124.495
155.06
173.336
164.534
168.068
155.044
162.559
166.252
164.722
166.104
153.094
152.669
145.508
102.844
88.8285
64.5067
65.3818
49.8244
46.4618
46.6778
45.6314
58.0019
84.0395
105.747
114.064
154.56
150.891
151.455
171.131
160.2
159.118
151.21
167.216
164.85
151.036
161.18
134.102
96.1812
95.5196
86.4721
58.6104
52.0411
48.8965
47.5663
57.9344
46.5927
74.0565
75.7388
113.174
138.415
178.486
203.406
189.319
188.8
194.471
187.165
187.823
186.496
192.244
158.263
153.209
135.731
90.9323
76.4487
57.8101
61.9999
51.7141
52.6225
54.3777
54.1306
68.4421
76.308
100.52
133.902
137.82
142.345
146.696
149.302
142.015
144.81
145.897
143.276
157.529
123.304
118.496
121.649
80.4572
75.5256
57.9437
49.7419
48.1826
47.82
46.0427
57.8125
83.9478
121.907
136.73
168.197
157.402
159.312
163.145
142.26
143.932
139.752
161.03
158.88
142.979
148.485
144.041
99.5483
89.2567
64.2377
54.6781
49.424
48.9846
48.0038
46.8453
59.4873
97.6521
101.768
117.993
134.133
151.4
135.571
140.102
119.216
121.796
132.603
142.111
143.646
142.031
142.018
137.575
95.2919
87.2991
66.5153
54.6578
48.5913
46.7867
47.1693
45.5179
58.5647
87.687
107.43
122.567
147.261
140.548
146.135
161.553
129.847
133.537
125.829
146.383
144.648
135.963
139.838
146.154
86.7029
86.3783
77.9996
52.1031
47.9203
45.9258
48.5024
56.275
47.9693
86.162
102.661
105.495
125.488
135.609
124.005
135.73
113.836
125.387
126.548
119.081
134.611
142.469
128.659
124.862
95.5698
86.1712
62.4056
48.3267
47.5789
57.3478
47.2468
45.8884
57.9227
83.4818
96.7311
110.531
146.63
137.65
136.93
142.42
109.29
118.209
118.045
114.787
130.362
140.678
138.761
120.06
92.7127
70.1531
66.3751
52.1739
47.3356
48.2376
59.6375
49.8647
48.203
55.6829
81.121
99.9776
131.748
135.342
160.23
144.337
125.89
137.265
127.583
126.538
139.401
143.223
120.348
108.961
102.333
60.8369
69.1244
50.2297
47.2903
47.0449
47.233
59.9337
47.3576
49.8738
70.8328
104.908
102.712
127.277
131.933
123.498
124.998
128.215
125.918
131.881
128.453
130.363
105.528
107
100.865
75.8605
66.9429
52.8538
47.759
57.3035
47.3015
46.6956
47.4079
70.2447
109.653
114.618
127.573
141.432
147.234
157.012
143.771
145.205
155.444
160.768
169.565
161.407
144.601
137.006
100.483
65.6316
67.6027
50.5133
47.7601
46.3796
46.1338
56.857
47.1617
74.5854
102.847
105.986
138.031
160.183
152.137
160.177
149.171
156.713
163.869
164.751
170.305
148.713
139.461
146.206
97.1053
87.261
73.0805
53.9366
49.0183
47.0714
47.4883
56.3076
47.9811
69.5774
107.183
112.94
126.831
143.061
146.804
157.051
135.785
143.474
134.36
149.613
150.556
138.64
138.357
148.172
96.9251
86.1041
62.6375
59.7047
48.2259
46.9856
50.0634
51.527
58.7531
84.3044
101.633
111.272
148.656
141.796
138.271
149.928
139.353
130.769
142.697
149.335
146.27
141.036
144.054
133.573
90.5385
79.2883
60.0078
65.4135
47.0767
45.73
47.1863
46.0984
58.2757
77.5842
106.256
111.694
129.309
150.788
128.099
135.763
122.272
129.431
127.602
124.562
136.061
129.607
135.727
129.568
87.2768
80.8352
78.9514
51.8824
47.3546
46.0099
46.5763
64.2013
47.8056
56.5243
78.0137
94.7442
125.78
145.339
134.184
141.231
141.086
143.955
129.684
131.364
138.759
136.562
133.864
121.266
109.467
76.1788
65.7744
53.4911
58.4917
47.2758
47.2119
47.2512
50.1473
48.2175
61.3047
80.8557
87.7931
123.173
135.169
162.069
142.829
137.496
143.019
130.226
121.523
115.747
126.227
113.535
104.465
103.083
79.0831
70.3556
57.9224
50.1337
46.5848
47.0635
56.2041
47.7116
75.1324
101.945
108.876
131.292
147.29
128.954
127.581
127.339
119.79
124.053
119.497
131.401
145.291
128.051
124.361
92.694
90.69
80.8015
52.8816
48.5073
46.5849
47.5322
47.1036
58.853
79.7677
90.2129
108.049
122.337
131.913
126.377
131.588
104.873
116.795
120.071
130.634
130.209
113.161
122.637
127.547
84.7254
80.215
70.8626
56.3697
47.4318
46.7768
46.669
45.5596
56.2783
85.1033
93.9614
126.121
141.424
133.363
133.34
135.17
117.464
118.341
111.54
126.012
127.534
127.588
128.737
132.061
94.4794
80.1595
64.7988
53.3961
48.3604
46.5444
48.4449
45.8547
58.5867
79.6821
101.368
101.97
109.732
119.425
123.685
119.805
108.13
116.403
113.115
119.337
130.849
128.797
140.58
120.97
92.7186
76.1133
60.4468
64.1945
47.8705
46.9875
46.7315
47.0066
53.2204
88.6711
111.038
105.976
122.716
132.023
129.399
142.552
104.387
116.12
118.572
115.262
125.05
132.092
127.369
116.08
83.001
83.7117
58.7088
62.6281
47.7887
47.1978
47.3515
55.4334
48.917
70.8783
84.7035
99.9898
132.392
143.505
147.8
132.181
129.36
130.831
126.105
130.578
133.937
124.315
115.58
106.101
91.2157
69.085
76.1968
51.1706
47.1773
47.7261
48.1066
64.8336
47.9469
56.1728
73.3395
88.8775
109.088
124.694
133.49
136.448
111.146
120.212
109.908
115.961
115.241
133.091
105.181
97.5609
93.9202
75.2555
60.5771
50.9705
48.0708
56.6598
47.4062
46.878
50.2287
90.5541
98.87
106.671
119.169
125.358
120.056
115.002
97.8445
108.732
111.202
120.721
136.51
129.349
124.358
126.598
92.2695
83.1052
65.8875
58.7432
47.4497
57.7005
46.5417
45.737
50.0924
72.4299
111.571
112.006
126.035
140.291
120.224
117.399
110.731
112.369
103.39
118.851
126.682
124.359
132.065
133.612
91.2771
87.1433
76.2898
49.5582
47.2805
46.4466
46.7179
46.0029
57.8914
67.4097
89.2543
101.214
132.122
124.344
132.478
145.464
116.711
117.235
111.913
114.809
118.294
132.089
93.4146
92.8201
81.1486
75.424
57.4774
48.2257
47.9008
58.0447
47.1063
45.7185
47.3752
79.7866
102.282
102.142
128.839
130.629
121.535
127.152
105.349
121.575
114.315
109.259
126.243
133.872
133.823
106.18
96.1451
86.2921
74.4946
50.4734
47.5208
46.3128
46.3761
45.6939
58.7011
63.809
107.112
109.597
141.651
136.215
127.465
148.097
120.529
116.472
122.842
135.2
130.215
127.301
140.887
134.209
90.3418
76.987
63.4038
62.2117
48.3224
47.2455
52.4727
58.3867
59.7816
56.0333
83.3516
104.373
140.046
150.911
153.264
154.945
148.245
121.439
126.698
127.148
134.005
137.334
113.183
116.307
99.1513
82.9885
66.5425
50.0741
47.7496
58.2475
46.8775
45.8302
47.1807
64.4638
73.6476
96.3483
117.253
116.471
147.553
133.805
119.896
128.791
123.606
121.613
121.149
134.104
112.304
90.5293
81.9709
75.2679
65.3078
53.6671
47.969
58.4466
47.0904
46.772
48.6519
77.6807
107.22
111.396
148.631
141.965
123.807
135.273
127.142
119.705
121.236
135.046
134.127
136.665
132.481
125.534
96.9814
82.4084
68.9756
65.7597
48.1691
46.5935
46.6359
45.7758
52.233
76.9741
88.7662
109.947
142.72
133.066
125.282
143.153
128.848
130.184
128.226
119.377
144.658
137.907
134.911
128.585
98.1398
66.2602
69.1081
52.9485
47.9261
46.647
47.3984
45.6348
59.4391
75.5041
112.382
113.457
151.163
135.593
129.04
147.808
135.866
138.807
135.097
125.525
139.464
142.844
140.384
125.999
92.7178
85.7939
71.6569
52.5754
47.7816
46.252
46.5938
46.0366
57.9101
82.1041
93.7641
115.744
127.317
149.763
132.795
157.259
130.537
135.047
120.302
135.141
134.623
128.193
131.539
129.943
90.1217
88.5702
70.4968
63.0137
48.1011
46.5354
46.7953
44.6472
59.4486
77.3898
106.66
116.912
140.644
134.707
142.864
148.261
140.056
133.231
137.923
141.641
142.793
137.389
132.515
136.084
95.602
87.4198
61.8679
52.2597
58.8858
47.1096
47.2959
50.426
48.1559
69.4404
78.4273
95.3999
135.614
148.807
172.336
152.502
148.921
152.61
137.619
139.104
162.423
143.996
129.407
109.959
101.302
76.3984
59.9007
50.9127
58.3929
48.3016
48.2138
56.56
58.5736
51.359
68.7522
96.9099
118.309
134.672
127.482
144.229
127.315
137.011
126.727
122.121
123.536
131.883
109.83
109.84
107.935
75.8637
64.2801
51.8877
49.1047
47.3892
57.4346
46.2098
47.9265
78.1614
108.051
112.859
132.314
135.222
122.33
135.54
118.238
108.33
118.161
114.284
128.753
130.1
133.251
124.862
82.3932
83.8718
58.5377
62.4898
48.9661
47.2304
46.6957
45.755
52.8787
79.1327
99.4959
103.929
120.776
130.806
128.46
130.169
114.153
121.302
126.43
132.965
123.145
136.432
122.884
117.313
93.8469
66.9296
73.4162
50.5463
47.7854
47.1743
46.6303
45.9055
58.6713
73.1482
91.6123
132.72
134.517
134.781
135.005
137.346
117.137
102.2
114.164
132.571
130.264
126.945
131.057
137.549
88.3523
81.3931
72.8042
56.7283
48.7106
46.6988
46.8641
57.6117
58.4639
62.3029
88.6784
103.853
151.405
135.556
139.726
132.384
113.786
96.58
111.512
117.085
132.223
131.855
91.2277
92.1876
86.6449
79.8377
60.6655
49.3405
60.9536
46.9845
46.9919
45.5109
66.8076
73.2507
91.5458
124.805
136.073
164.345
146.896
160.608
134.822
136.075
114.26
135.321
151.342
148.404
135.177
122.626
97.5794
81.6285
64.4429
59.5063
50.3173
46.5328
48.8422
62.7266
48.3439
64.2842
83.0133
108.606
116.676
145.881
143.705
140.692
134.547
138.793
117.988
118.634
131.782
135.091
119.788
104.264
96.1008
77.1488
84.1572
58.1153
48.9423
48.3072
49.1524
64.2851
49.9122
53.5903
68.8665
79.7417
103.251
117.388
120.219
111.633
106.925
102.392
99.4644
100.682
103.67
127.244
103.176
105.802
106.731
76.2958
62.5409
53.3463
49.4934
47.158
47.8071
58.7496
54.7853
85.2079
102.216
110.974
151.018
122.88
131.207
143.666
110.057
105.018
114.535
124.252
125.778
137.637
122.793
120.375
97.3296
92.2516
57.6946
69.5047
49.8892
49.5334
50.5536
50.1463
62.8404
90.1818
102.1
105.841
114.959
122.407
120.875
131.217
94.3328
107.119
111.187
109.544
126.834
131.19
128.128
130.399
96.6863
68.0002
74.3593
58.7921
51.3704
50.2056
53.8455
53.718
75.8544
86.5267
112.878
123.07
130.195
129.455
125.06
136.264
109.61
104.457
109.206
126.531
130.571
131.805
130.622
114.874
95.834
90.3739
66.2877
75.8145
51.7495
51.427
53.6444
53.4133
71.3097
115.589
115.87
117.922
125.209
131.445
121.676
134.671
112.862
111.656
99.6672
122.101
128.537
129.145
137.335
125.899
99.5169
96.7833
83.4299
53.0356
51.2072
50.7609
51.9947
51.8809
67.8652
82.9499
117.306
141.882
129.118
135.15
130.737
132.159
90.6127
105.41
109.488
106.103
126.502
127.705
133.187
131.454
92.5441
87.328
66.7565
52.9431
57.2274
47.9414
64.1659
52.894
61.4918
58.2687
82.6629
105.626
135.085
156.156
139.052
135.027
126.456
123.078
118.326
123.743
135.813
142.223
123.577
120.545
111.61
87.7069
83.297
76.139
57.2309
57.9756
60.0942
63.8158
73.583
60.6946
92.5004
114.859
120.611
113.88
115.736
123.369
105.28
110.139
105.481
109.841
109.077
139.411
118.256
103.471
104.342
76.9257
61.7805
52.5288
50.0076
62.0482
49.9962
50.2646
54.3176
86.802
105.986
116.319
132.558
122.453
136.405
125.959
105.596
110.29
103.964
114.239
126.074
126.678
129.202
124.108
95.9017
86.7056
64.6243
63.6612
51.273
49.2647
48.9277
47.8085
62.2187
80.6872
117.415
115.404
131.182
119.718
118.992
116.494
100.742
111.971
115.17
129.57
126.764
138.823
130.046
125.855
98.3272
93.2189
58.1598
50.9298
49.027
64.8414
57.7854
57.9798
67.8027
87.7406
95.5535
101.754
113.49
121.399
115.302
114.873
112.886
99.5836
116.28
124.411
128.946
133.111
127.065
133.885
98.2061
88.368
62.5957
64.0761
48.0975
46.1705
49.2863
47.1676
63.7494
86.5045
97.2596
122.762
144.652
137.4
131.111
157.919
126.71
129.387
128.274
143.057
138.852
143.81
133.079
141.269
87.0512
88.479
73.5438
50.8401
48.5909
48.1265
49.4912
48.6928
59.0991
78.0526
106.512
126.003
126.984
135.618
129.183
124.242
120.187
129.488
131.682
142.211
143.894
128.03
132.803
134.908
99.1007
80.8468
67.3879
60.5276
64.4133
48.1699
48.1172
54.832
48.3883
69.7404
81.7597
91.7895
123.552
135.759
120.424
137.35
123.559
128.881
115.129
113.689
128.822
127.305
113.524
94.933
104.574
77.2884
65.8779
52.5716
54.6705
53.1515
47.9427
48.4202
48.438
63.857
72.0845
82.7558
107.594
116.106
133.1
126.272
117.861
128.856
114.89
118.838
112.578
135.516
107.637
103.278
103.709
76.6367
55.5025
51.4397
57.3389
50.1133
48.1697
47.247
51.5196
89.4253
96.4966
127.173
148.415
132.238
131.14
157.356
113.004
131.237
129.886
140.682
135.433
129.906
125.569
129.036
91.9069
85.0893
60.438
62.7551
51.7667
47.0081
47.3085
45.6215
51.315
93.3803
100.652
105.043
120.996
130.469
130.775
141.101
120.192
124.09
128.451
122.918
139.995
148.545
128.999
131.405
92.9375
86.589
67.6622
67.1317
48.5838
47.8257
47.9258
49.2474
62.0611
78.3706
94.4618
116.042
141.24
133.232
136.199
151.06
121.915
121.921
109.015
132.409
150.668
131.646
129.59
136.273
87.5168
82.7712
65.5756
61.9239
48.8645
49.8933
49.6304
49.4462
62.9572
85.0675
93.5253
122.22
127.278
139.295
131.473
130.775
110.783
125.923
121.266
121.81
135.993
138.63
131.022
129.444
93.6431
82.6266
75.6564
51.8352
48.0446
45.7282
46.8669
47.6301
62.8758
80.876
102.615
113.385
137.632
151.921
133.339
122.536
124.338
125.298
129.705
140.332
122.448
135.327
133.2
120.856
98.4847
93.6646
81.6325
55.1734
48.3597
48.265
60.8625
54.0831
53.0478
73.9287
85.7295
101.228
148.146
139.591
145.382
152.414
134.012
137.679
133.335
135.242
133.338
143.124
125.919
107.255
84.8719
74.9852
76.5475
55.5434
47.8651
48.5127
60.9982
52.6441
47.7615
66.9675
72.1043
96.2111
98.2116
148.264
117.761
138.193
117.44
115.122
106.595
117.024
125.058
131.252
98.1759
99.9591
101.737
79.6576
59.9096
49.8308
47.936
58.7018
47.0811
45.8875
47.8401
93.0455
91.9894
104.576
144.828
132.222
120.777
136.577
113.664
114.86
104.146
126.488
129.747
138
123.106
126.794
101.085
81.3174
57.0148
54.6828
57.4643
52.0952
48.9441
48.9287
54.2718
82.6617
112.179
104.28
125.932
135.344
123.239
123.817
97.4945
114.859
98.1616
126.743
123.445
133.309
125.82
118.189
91.4961
90.8145
68.5096
60.3309
52.0811
52.0546
54.0022
53.8003
73.6243
90.1732
114.385
124.524
138.365
125.564
121.996
137.12
101.655
111.189
112.875
111.059
125.059
142.521
126.29
117.48
94.1498
88.1036
63.4212
66.2547
51.4819
50.5052
51.7376
51.8186
72.5829
76.7593
119.465
109.115
110.605
111.025
115.552
114.018
107.45
118.34
119.147
130.016
130.359
129.692
130.431
127.706
85.3683
89.4668
61.7202
69.1808
51.5904
50.0036
50.9776
52.1059
74.0436
82.7504
94.228
108.111
136.512
128.817
130.355
119.232
111.109
107.205
93.3577
106.597
119.214
126.116
91.8206
107.974
75.7384
73.3834
62.0554
50.2527
65.2763
51.0081
51.1118
56.5022
52.1494
61.7189
83.5529
97.8929
130.066
125.679
136.645
133.292
112.531
121.991
113.01
114.452
120.859
128.139
116.581
105.604
103.566
78.3393
64.1734
54.1952
49.3847
48.0679
48.5636
60.9463
49.0962
50.9023
84.6623
104.288
124.958
119.794
123.016
111.412
106.159
114.817
107.401
108.307
116.193
117.906
107.884
95.4832
88.7538
60.4066
74.1157
50.3518
48.6446
47.4545
49.2011
62.3083
49.0262
81.3201
113.798
120.884
122.703
123.554
103.719
109.421
108.262
97.0678
113.865
125.86
130.665
133.477
126.628
108.049
92.7551
92.337
80.7631
52.8481
48.2219
47.1143
48.2966
58.8021
48.7513
81.729
102.352
121.568
139.442
124.352
120.01
124.101
105.709
103.305
97.4986
117.467
130.463
126.199
127.333
130.237
100.424
74.0033
84.2983
55.4501
48.204
46.6562
48.2742
59.849
48.4722
91.8485
118.836
119.805
141.576
138.994
118.592
133.137
107.521
107.632
105.366
120.497
129.51
122.708
139.245
129.835
98.0996
91.5889
74.8106
64.2856
48.1762
46.5757
49.6338
53.889
53.8845
80.9525
114.376
132.916
143.741
125.559
121.75
123.027
110.161
109.175
109.81
124.432
131.844
127.22
132.775
129.308
102.484
96.0241
84.5892

