"E+ Electric Use (kWh) - BEMCmpMgr 2025.2.0.1 (625)",1
"Thu 11-Jun-26  04:02:15 pm"
"EplusElecUse",Hour
"EplusTotalKWH"
27.0627
27.8902
28.0355
28.6613
28.9227
29.9339
31.0007
42.1865
41.3564
56.9914
53.906
53.3491
52.0269
28.9173
29.4604
28.929
29.0541
29.2613
19.3864
21.8583
22.3881
21.4109
23.6106
25.8335
28.7522
27.7853
28.1259
30.07
28.9707
27.3034
48.8397
59.1823
76.367
156.444
157.35
96.4466
95.16
153.428
157.764
156.653
151.011
152.983
50.6139
52.5498
40.6359
41.236
30.2238
31.2432
27.9903
27.7156
27.1505
27.4489
29.6772
29.9038
29.3578
60.3916
53.0886
72.5113
68.5792
62.7741
58.3209
27.7617
27.894
28.2837
29.1
28.69
17.0758
17.647
19.3212
22.1079
24.2773
26.5799
27.3783
28.4321
28.8378
29.8555
30.8789
31.1417
30.6396
40.9449
38.057
54.2466
53.2239
54.4466
54.9251
32.5541
33.0206
32.377
31.1558
29.2573
17.1124
17.8207
18.0481
18.5094
20.7292
23.1048
27.4821
29.3651
30.8186
31.1804
31.04
32.1049
53.6391
60.4002
72.6054
155.222
159.375
100.499
99.5975
159.301
163.475
159.406
151.073
147.74
42.3498
43.1115
30.3014
31.0974
19.0826
19.4391
19.6404
19.7556
20.3193
20.7374
20.5709
21.0028
41.5516
53.3214
66.5503
158.423
165.919
105.942
102.798
161.87
166.355
162.342
151.558
146.429
39.9957
40.8527
28.7348
29.1966
19.0029
18.782
18.9157
19.0682
19.2216
19.5173
20.0578
20.185
40.7048
52.6459
65.5535
154.905
158.343
97.4003
97.273
158.392
163.004
157.45
146.293
143.702
38.86
39.9731
28.4061
29.3258
18.4822
18.5659
18.8367
19.0546
19.1837
19.4303
19.7226
20.1388
39.2508
49.7578
65.6604
154.371
156.803
96.0662
94.3877
152.758
156.423
151.785
144.784
143.832
38.994
39.7367
27.7394
28.5623
18.4377
18.6476
18.8497
18.9961
19.5829
20.1288
19.5443
19.4955
39.4165
50.9652
65.5523
154.338
157.883
97.1356
97.3505
156.93
161.84
155.413
145.377
143.632
38.4799
39.0624
27.465
30.0777
21.0858
23.1681
24.2377
25.784
26.4523
26.9913
26.5897
26.8935
27.5743
52.6168
45.043
59.8849
58.5928
59.2872
60.0411
29.7481
31.3348
31.1243
30.3146
29.0081
16.0975
16.7947
17.1554
17.3204
17.2941
17.8301
18.3775
18.0361
18.8517
20.8372
20.4688
20.3204
20.1982
31.4928
31.2255
53.9282
55.1854
55.9551
55.2688
32.0077
31.9965
31.9702
32.06
30.7386
18.5066
18.7457
18.5535
18.1408
17.8302
18.0455
20.7859
20.9911
21.3121
21.7998
23.5616
26.0742
46.8084
55.4345
67.8008
158.389
165.403
107.997
108.357
167.916
171.233
163.385
152.541
148.317
41.4583
41.6269
29.373
30.4411
19.1679
19.1482
19.3415
19.3713
19.5279
19.8554
20.0526
20.0394
40.0116
51.6479
66.8508
161.399
169.51
113.028
113.572
171.693
174.829
165.334
154.003
149.097
41.5574
41.5503
29.6417
29.8034
20.2004
20.142
19.1773
19.0692
19.2863
19.3673
19.5277
19.7915
39.6804
50.3445
67.3854
162.625
170.829
115.114
117.152
177.781
185.028
173.378
157.711
152.051
45.1486
43.7031
29.6915
28.8614
19.2425
18.7396
18.7766
19.0092
19.1449
19.2376
19.4702
19.6393
38.86
49.5965
67.3546
164.354
173.77
118.698
121.391
181.182
183.282
171.413
157.384
152.078
44.655
43.1953
29.5194
28.908
20.1879
19.7369
18.8645
18.8799
19.111
19.2109
19.3391
19.3816
38.1816
49.1959
67.9326
163.343
171.137
113.763
114.326
172.207
178.396
171.136
158.276
153.455
46.4888
45.2428
31.5379
30.197
21.072
20.3122
16.6996
17.1156
16.8353
16.4758
16.7666
16.8907
16.8614
42.9639
41.0059
66.3737
69.4054
73.3482
75.0306
42.4836
42.041
38.8169
37.4397
35.8869
22.6407
21.7254
20.6814
21.5195
20.9564
19.5207
18.6143
17.9366
17.9107
17.4161
17.4721
17.5948
17.9216
29.4621
32.608
61.3275
63.673
65.5572
65.9015
43.4314
42.7536
39.4371
36.9125
35.0414
21.8055
20.6727
20.3494
20.4952
20.4467
19.5886
18.8403
17.9924
17.6742
17.9269
18.1365
18.3968
18.5686
29.8085
32.1482
58.3056
59.5467
61.3443
61.3925
35.8049
34.3331
32.4796
30.4283
29.2829
17.1363
17.3783
17.5474
17.6588
17.7403
17.4844
20.153
20.34
20.4635
20.7945
21.0515
22.4475
42.25
53.1584
66.9797
160.459
169.271
112.874
113.217
173.506
180.537
171.878
158.71
153.213
45.1517
43.675
29.9156
29.1556
18.7949
19.0551
19.2686
19.5643
21.1236
22.3015
22.6788
23.4537
41.2052
51.0897
66.7341
161.204
168.931
112.098
113.306
172.822
176.347
167.34
153.65
149.026
42.1732
41.4519
27.7207
27.9953
18.5425
18.7903
18.9735
19.2541
20.7616
21.8295
22.2206
23.5535
43.5166
54.2334
65.8294
157.91
165.173
107.303
109.111
169.299
174.024
165.559
151.021
146.657
39.9997
39.9134
26.9197
27.9591
18.4643
18.7219
18.8556
19.1003
19.3981
20.8087
23.9388
25.1333
43.1361
54.6957
65.8475
159.402
169.706
113.382
114.386
173.849
179.435
170.421
155.574
150.445
42.6063
40.9657
27.1899
27.3827
18.3454
18.7788
15.8443
16.3792
17.8168
21.9266
24.4979
26.0481
26.1573
48.3364
40.8901
63.1786
65.9464
68.4982
69.4398
37.5545
37.6523
34.8936
32.6343
31.5585
18.4585
17.5482
16.8234
16.9638
17.3017
17.5068
17.7748
18.243
20.2398
19.4276
19.9546
21.8745
23.4484
32.0165
30.9466
56.0242
59.415
61.3158
62.0744
39.2347
38.7976
37.082
34.8826
32.6125
19.142
18.6878
18.1761
17.2016
17.679
17.8295
20.6716
21.0064
22.7161
23.8763
26.4341
28.7851
45.4234
54.7346
67.2937
160.066
167.017
110.047
110.315
170.017
176
169.892
156.813
152.242
45.1336
44.4772
30.4805
29.6992
18.7013
19.0361
19.3037
19.857
21.6336
25.3538
26.6209
27.9474
45.6423
53.9123
66.8606
161.474
169.708
112.709
113.726
173.051
177.791
169.663
155.701
150.551
42.7413
41.2859
27.9568
27.7469
18.5191
18.6749
18.9275
19.06
19.9264
19.8415
20.3803
21.7794
41.8639
51.3496
66.6013
161.355
169.171
112.035
113.093
172.314
176.2
167.249
153.402
149.053
41.212
39.6619
26.8256
27.7646
18.4575
18.7453
19.1005
20.5076
22.5131
24.7008
27.4429
30.1243
47.5484
57.3081
67.1025
155.387
162.018
104.64
105.836
165.653
167.076
159.358
146.771
143.726
38.489
39.0964
26.9113
27.4979
18.276
18.5071
18.7972
18.8193
18.9951
19.0343
19.0556
19.1493
36.3351
48.0929
65.3882
154.758
157.306
95.355
94.2118
152.402
155.642
151.902
143.74
143.789
39.3016
40.1706
28.2059
29.7273
19.0363
20.0749
18.9242
20.4591
23.0689
25.8819
27.2842
27.8302
28.6072
52.1691
41.8169
59.1519
59.4582
61.9572
63.0873
31.7909
31.6816
31.0644
29.7617
28.5834
16.0096
16.6906
17.079
17.5042
18.0453
18.8833
22.3525
26.3381
28.4738
29.7508
31.1913
31.3415
29.6676
39.9386
36.2942
55.1838
54.3101
54.2535
53.7067
31.0714
30.7956
29.2595
28.6127
29.3002
18.0771
18.8131
19.1803
19.236
19.2114
19.1475
22.0246
22.6974
22.2769
23.3201
26.0484
29.9767
50.6156
58.4935
69.8493
155.772
158.079
99.604
100.261
158.943
162.793
157.291
146.109
145.063
40.5981
42.6169
33.1246
34.4759
20.4876
20.5005
20.7742
22.1518
24.8902
26.6698
28.1899
30.0576
47.1372
58.7062
75.8603
157.34
157.916
96.3553
95.269
153.516
158.008
155.011
145.333
145.211
40.7745
41.8559
31.4694
34.8946
23.2622
26.5311
31.1617
32.0314
29.773
27.6022
27.2783
27.3965
48.177
56.1837
66.9864
156.531
161.156
103.425
104.573
163.147
165.955
159.745
147.03
144.94
40.1631
41.6382
30.7456
32.3068
21.1946
22.9997
27.579
31.9244
34.1362
35.927
35.2065
35.8246
55.784
60.8664
71.2026
156.764
160.902
103.399
105.008
163.964
166.884
159.531
146.736
144.927
39.9118
40.7727
30.8002
34.622
24.2927
26.8833
30.8806
31.7629
32.3167
34.3633
35.4514
35.6143
54.5516
60.6769
72.4147
156.311
159.95
102.586
104.787
164.436
166.463
158.901
146.406
144.939
39.7789
40.6373
29.3517
30.9813
20.5196
22.3715
24.8103
27.2309
28.7391
30.5638
31.2153
31.3705
30.8613
54.5156
43.5694
60.6747
63.579
66.8004
68.3578
36.319
35.589
34.0346
31.9852
30.8335
18.4815
17.7382
18.2763
18.5909
18.9199
19.1108
19.295
19.5008
19.9469
21.6218
23.8089
25.4603
26.309
34.0061
32.4322
57.8138
60.8799
63.346
64.6372
40.8897
38.7953
36.3223
34.9272
33.9415
21.1204
20.0421
19.1836
18.7172
18.8271
19.0756
21.8057
21.877
21.8976
22.1359
22.3827
22.5301
42.4029
53.3164
71.2547
166.258
173.738
118.839
122.075
182.973
190.781
178.111
160.291
154.749
46.6232
44.3049
30.7965
31.4703
21.8343
21.5241
21.6823
21.0366
20.6647
20.8433
21.0893
22.3637
42.7212
51.8737
69.1291
164.921
172.368
115.844
118.928
177.624
182.136
171.107
156.413
151.407
43.7705
42.7693
29.4338
29.0638
19.8207
20.088
20.303
20.5144
20.8249
21.3829
21.1016
22.2489
41.6801
50.9889
67.8506
163.678
171.198
114.198
115.596
170.409
174.873
170.162
157.001
152.347
44.6469
43.4632
29.9373
29.2064
19.8582
19.9202
20.1843
20.3553
20.5672
20.8554
21.4362
21.7376
40.3605
50.412
68.4378
164.889
173.601
117.936
121.612
180.816
180.556
170.038
155.455
150.303
42.1172
40.6718
28.3364
28.6408
19.7126
20.0064
20.1783
20.3401
20.5978
21.2593
22.2935
21.9327
40.9456
51.3661
66.1997
155.571
157.835
96.3922
94.9785
154.702
159.134
153.644
145.494
145.091
40.4915
41.6594
29.5433
30.1446
19.8687
20.1711
17.6882
18.0534
18.2608
18.2085
18.2897
18.5255
21.8789
50.3032
45.4346
65.5707
60.8184
58.5385
59.968
30.8381
29.9836
29.8265
30.3825
30.4059
17.9259
18.1911
18.7479
18.9653
18.5919
19.0997
20.0824
20.4808
20.1042
19.7536
19.5828
20.0263
22.1155
31.5419
32.0161
56.7688
58.4391
58.6833
58.0821
35.022
34.9848
33.7302
32.1959
31.5456
19.3389
18.4885
18.7236
18.8553
19.0463
19.364
19.8334
22.0894
24.8998
27.9414
28.2458
29.918
30.4965
39.8085
34.4013
55.264
55.5083
57.26
57.9346
34.637
33.4015
30.8563
28.9992
29.1826
18.2408
18.8464
19.0877
19.7375
20.6968
22.1588
25.4508
26.8355
29.0967
26.013
23.6309
23.4774
43.7987
56.104
69.6079
155.826
158.779
101.064
103.718
162.973
165.758
158.89
146.406
144.919
40.626
42.3218
31.1936
32.5431
20.6043
21.2188
21.4392
22.4815
23.5997
23.8995
23.9955
25.1922
43.0267
52.701
66.7136
155.714
159.417
103.09
105.435
163.038
163.548
155.977
145.462
144.808
40.3713
41.4949
29.8337
30.7339
19.994
20.1271
20.2591
20.3651
20.462
20.5508
20.6397
20.7293
38.8916
50.193
67.4087
156.304
157.765
96.2822
94.9078
153.756
158.264
154.443
145.989
145.169
40.547
41.6128
29.388
29.9327
19.7472
19.9272
20.0908
20.1625
20.3971
20.4834
20.6227
20.7686
40.0901
51.7455
66.8448
155.828
157.78
96.5696
95.6286
153.459
157.068
153.996
145.073
144.676
40.2753
41.5052
29.8883
31.1055
20.6962
20.8064
17.9209
19.7268
19.8866
20.5513
23.1125
21.757
20.0717
48.6777
43.8307
61.1048
58.7046
58.0466
57.9311
30.5409
30.5358
29.9244
29.9436
29.665
18.3679
18.8052
19.0139
20.997
24.06
24.5633
26.5119
28.0467
28.6627
27.7841
26.0501
26.0999
24.6294
32.6606
33.0895
55.3756
54.5882
54.2624
53.2552
30.5273
30.1669
29.3501
29.1276
29.5636
18.7053
18.9991
19.3085
20.0228
22.384
25.3772
29.6678
29.557
28.7155
30.0824
33.0855
34.5633
57.1842
60.7723
71.6888
155.866
158.692
101.426
100.346
154.933
157.037
153.255
146.375
145.943
42.1397
44.4099
32.8033
34.4872
20.7051
20.9155
21.3217
22.8583
25.2511
27.9987
29.4255
29.9291
47.1698
56.7885
69.6185
155.514
157.492
97.0607
98.2225
156.702
160.297
155.885
145.987
144.802
40.6338
41.8864
30.2981
31.6116
20.1239
20.2905
20.6101
22.0442
24.2146
26.7466
26.9846
27.5461
48.0507
55.9528
66.6911
155.75
160.492
103.6
105.321
165.953
169.728
162.655
151.02
148.132
41.7461
41.0096
28.5733
29.72
19.8248
19.9756
20.1815
20.4871
20.7767
22.2273
24.5247
25.8367
42.9541
50.9625
69.6737
165.379
172.839
115.468
118.31
181.908
190.042
178.957
161.029
155.521
47.7685
46.197
31.7765
30.8923
22.0184
22.4546
22.0779
21.7527
21.0762
20.3757
20.6341
20.6852
38.1732
49.4364
72.2164
167.286
174.484
119.282
122.785
181.563
185.92
173.855
159.131
154.314
45.8296
43.3915
29.8719
29.2463
20.1296
19.8537
17.3554
17.643
17.8912
17.9967
18.1466
18.4895
18.6877
44.5388
41.215
64.4473
66.8682
69.4327
70.3887
37.9408
35.614
34.0484
33.0304
31.0063
17.8781
17.6539
18.0636
18.3415
18.7509
18.8336
20.2641
20.2905
20.4812
22.1537
25.2812
27.0672
26.9456
34
33.3208
55.9269
56.9046
58.5144
59.268
35.5818
34.113
32.4387
31.5416
31.2574
19.3147
19.6825
20.0796
20.369
20.6903
21.1722
25.1809
27.4911
28.6813
28.8736
31.6446
33.6437
51.0304
56.9008
68.9449
159.846
167.211
109.457
108.64
165.605
167.69
161.673
149.201
147.629
42.6923
43.5019
31.5257
31.8209
21.5923
21.835
21.8991
21.9845
22.0988
22.2015
22.4781
22.5302
40.933
52.9087
68.3713
157.726
160.715
100.363
99.5378
157.706
160.738
156.844
148.767
147.404
42.0808
43.3899
31.108
32.402
22.73
24.1416
25.0342
26.1157
26.5918
25.9043
26.3151
27.4579
45.4357
54.1138
67.7933
156.692
159.109
97.7811
96.6295
154.811
158.064
154.933
147.78
147.044
42.6856
43.677
31.8224
33.4529
23.0674
25.1075
27.9598
30.1022
30.7653
29.3458
29.5677
31.0939
49.382
60.7522
77.2904
158.538
159.41
98.1407
96.1973
154.237
157.737
154.358
145.995
146.616
43.6208
47.8846
37.9443
40.4488
29.4121
32.9611
33.7444
33.9069
34.5309
36.0185
36.5573
36.4303
53.511
60.3255
71.7073
156.6
158.987
98.2801
96.8629
154.893
157.702
154.439
146.196
145.759
41.7161
43.8735
35.8193
39.7294
27.8018
30.7976
29.2762
30.3822
32.002
32.607
33.4857
34.0648
31.7841
55.0454
45.8594
62.0822
59.0695
58.7018
58.0871
30.1131
30.909
31.1465
31.2398
31.3582
19.8125
19.9531
20.0498
20.4329
20.9227
20.7139
21.3445
22.0284
22.261
24.47
26.2046
27.0279
40.1002
40.8032
61.1618
59.1848
56.7343
54.9265
31.6749
31.2042
32.3501
31.6097
29.3349
18.657
20.3028
20.8319
20.7478
20.7534
21.3061
26.3213
27.898
26.9931
29.4887
32.8703
33.5717
54.9067
63.8066
77.413
157.291
158.869
98.5871
99.0166
160.146
165.851
160.839
149.96
145.327
41.1078
42.9761
31.7424
33.3667
21.7247
21.9565
22.325
22.445
24.5194
27.4645
30.4428
33.4244
51.5079
60.9306
71.9915
157.132
162.075
105.351
107.587
169.801
174.826
168.216
156.401
151.974
45.2966
44.2093
30.985
30.4248
21.1019
21.3423
21.6144
21.7982
22.0156
22.0944
22.0934
22.2756
41.3214
53.2169
69.1819
161.79
168.278
112.23
114.804
177.563
184.843
174.475
161.388
156.344
49.2969
46.7585
32.2882
31.3254
22.5042
22.0626
21.5447
21.5663
21.7852
21.8597
21.9418
22.2799
41.7443
52.638
68.5097
160.02
166.065
108.687
110.71
171
177.835
172.757
160.274
153.484
46.3578
44.9519
31.6478
31.6474
22.4247
21.3647
21.3941
21.652
21.8895
21.9516
21.9093
21.9651
38.6448
50.4031
67.6609
157.205
162.2
105.643
107.574
167.347
171.984
165.8
153.649
149.159
42.4235
40.9884
28.5028
29.291
20.9678
21.274
18.6633
18.9794
19.2141
19.3179
19.6623
20.0831
21.9371
49.9818
44.5496
62.336
63.7308
67.8626
70.3909
41.4192
40.9447
39.6038
38.0662
34.167
21.1104
20.5104
19.2207
19.4912
19.6355
19.7404
20.062
20.1816
20.3343
20.3134
20.2712
20.4466
20.4675
32.0665
33.5787
56.2635
57.2536
59.7271
61.3199
40.4921
40.1548
37.0192
34.6306
31.3201
18.4532
19.3339
19.6439
19.8873
20.0074
20.2377
22.8337
22.7321
22.8646
22.7892
22.7876
22.8683
41.0297
54.2775
69.0338
157.305
161.574
105.508
108.135
167.66
171.056
165.468
155.054
150.64
43.018
42.3831
30.0369
30.8793
21.8655
22.1488
22.3201
22.2813
22.3236
22.4136
22.6038
22.4044
39.0921
50.9388
68.7729
159.749
165.277
107.867
110.361
171.306
178.108
170.808
158.728
154.541
47.8703
46.6773
33.0374
32.7399
24.7488
24.3306
24.0554
22.9378
23.0217
23.2723
22.7102
21.9864
39.5588
50.9689
68.5511
161.671
168.155
111.732
114.628
178.928
192.508
180.333
162.01
156.336
48.9057
46.3945
31.6095
31.3614
23.4519
22.9182
22.3323
21.6464
21.6221
21.7319
21.8582
22.1059
39.3142
50.4992
69.1248
162.289
168.284
111.349
114.913
172.286
172.405
168.619
157.591
151.386
44.1359
43.2869
29.5362
28.9405
21.0084
21.2195
21.3386
21.4643
21.5756
21.7041
21.8279
21.95
38.9709
50.323
67.8247
160.626
165.893
107.466
109.335
169.589
174.404
169.368
158.738
154.696
47.6465
46.6462
33.1235
31.669
22.6695
23.1099
21.1904
20.818
20.5401
20.7344
20.8818
20.4668
19.865
45.1165
43.288
64.7549
64.3577
65.8266
66.5515
38.5467
39.5888
38.9245
37.244
33.9121
20.8377
20.6133
19.819
19.3961
19.5406
19.7538
19.9969
20.2001
20.483
20.4667
20.4564
20.7916
22.8539
32.9979
33.2996
58.2973
61.0866
63.2045
62.6767
38.6126
38.4326
36.563
34.9113
34.1495
21.4749
21.1641
20.6856
20.3686
20.2918
19.951
22.9648
22.9162
22.9681
23.092
23.3946
23.8312
44.3875
55.0463
68.8689
158.805
162.968
104.886
105.424
165.694
171.603
167.371
155.091
150.14
42.4289
41.5315
29.683
30.8778
21.5219
21.7561
21.9172
22.0192
22.161
22.2657
22.3068
22.4831
41.958
52.9194
67.9079
157.004
161.467
103.192
104.078
164.89
169.054
162.722
151.364
147.12
41.0244
41.0346
29.4187
30.3392
21.1733
21.4214
21.6143
21.6923
21.9632
22.2436
22.7965
22.3025
40.8544
52.1289
67.8828
156.862
159.526
101.926
104.081
163.225
167.292
163.413
151.914
147.315
40.8473
40.5439
29.1687
29.9787
21.0019
21.2718
21.4777
21.7129
21.8748
22.1634
23.6539
24.837
42.9425
52.4309
67.8842
157.241
161.877
105.285
107.087
167.609
171.861
165.743
154.648
150.235
43.3893
42.6397
29.1024
29.2648
20.8967
21.1627
21.3757
21.5415
21.741
21.8578
21.9025
22.0045
39.4612
50.5063
67.7972
157.805
161.632
102.812
103.471
163.126
168.262
162.816
151.637
147.511
42.1167
42.0524
29.0085
29.4608
20.9246
21.1151
18.4612
18.7264
18.9015
19.0416
19.2581
19.3773
19.5244
46.2575
43.0716
62.1508
60.692
60.0341
61.2128
34.9156
33.9963
32.7008
32.4926
32.0396
19.8315
19.4714
19.5273
19.6887
19.9762
20.0805
20.318
20.3187
20.3446
20.412
20.3989
20.5589
20.883
32.0997
33.2636
56.8473
57.1579
58.4718
56.9001
33.5216
34.49
34.6443
34.1349
31.7315
19.3308
20.2017
19.9488
19.8981
19.988
20.2142
23.0924
23.1746
23.4778
23.664
23.7223
24.1134
44.7921
55.5437
69.0539
157.55
161.465
104.399
105.394
164.857
168.517
163.63
152.724
148.771
42.5438
42.9933
30.7827
31.18
21.4368
21.6646
21.8965
22.0705
22.1349
22.4064
22.8017
24.5152
44.9536
53.8321
72.2672
167.377
172.375
113.927
115.505
177.488
187.75
181.739
168.316
163.173
52.9803
50.0457
36.1105
35.3036
26.3343
25.1271
25.7399
26.1307
25.6813
25.2816
24.4379
23.2095
39.5551
50.8008
68.7322
158.877
164.153
106.96
107.177
166.308
171.047
164.918
153.045
148.721
43.2751
43.5811
30.9056
31.4472
23.6061
23.4783
23.7338
23.7544
23.4052
23.4535
23.692
23.7156
39.742
52.3108
71.1862
160.488
163.919
104.894
107.378
167.663
172.093
167.146
155.866
151.313
44.6508
44.5562
31.3111
31.1847
23.4732
22.9102
22.6253
22.8145
22.9142
22.9794
23.0594
23.1456
39.2087
49.8548
71.0294
162.504
167.279
109.721
110.447
168.916
173.321
167.729
156.057
152.162
45.1307
44.1919
30.9211
30.966
22.3944
22.4816
19.88
20.223
20.3602
20.4759
20.5784
20.6811
20.7367
46.7156
43.3337
62.8765
62.599
63.9357
65.0072
36.6949
37.1293
37.0652
35.2421
31.8549
19.1705
20.0904
20.5321
20.7004
20.9192
21.0619
21.0243
21.5368
21.5974
21.6515
21.7025
21.7579
21.7569
33.4099
35.6295
59.2471
59.8197
61.2923
61.3059
37.9486
37.9607
36.8878
35.4417
34.0707
22.1337
22.4874
22.0166
22.005
21.9491
21.7977
24.5964
24.9892
25.109
24.3621
24.1678
24.3034
42.7245
53.9929
72.1021
163.16
167.29
108.765
108.948
167.945
172.179
167.75
156.141
152.085
47.115
47.1925
34.437
34.9672
26.327
26.7563
26.4463
25.7595
25.4529
25.5637
25.7262
25.2704
41.3516
53.9306
74.105
164.728
170.915
114.168
115.731
175.206
176.022
167.966
157.554
153.694
47.6835
47.0149
34.3004
33.8429
25.2458
25.016
24.5047
23.8253
23.1606
23.1437
23.2702
23.3824
40.4156
51.15
72.047
164.805
170.376
112.638
113.445
174.124
180.201
173.101
161.561
156.905
48.6558
46.8517
32.7635
32.4871
25.2337
25.327
24.7966
24.6866
24.3747
23.8535
23.2958
23.2823
39.7111
52.6084
77.453
171.471
180.446
127.226
138.607
204.26
221.617
216.445
199.458
172.37
57.986
54.1986
39.2937
38.094
30.9617
29.5464
29.234
28.8492
27.8893
27.6406
27.6189
26.8301
40.5225
53.2944
78.3923
171.47
179.524
124.635
131.586
196.802
201.859
190.974
171.443
164.112
54.1581
51.0095
36.5709
35.2064
27.8177
27.2696
23.4733
23.5332
23.4314
22.779
22.3041
21.9264
21.6587
46.5638
45.2333
68.4376
69.615
70.805
70.7875
42.1569
42.9439
42.6527
40.5787
37.0468
22.9448
23.0541
22.0818
21.9669
22.3276
22.2983
22.0157
21.5874
21.2728
21.3989
21.3605
21.4991
21.4599
33.1437
37.044
61.8946
62.3457
63.2618
62.0775
38.1928
38.1706
37.7803
37.5157
37.1894
24.8839
24.7636
23.9978
23.7656
23.6382
23.1635
25.5324
24.919
25.3456
25.8565
25.3968
24.3514
41.9984
53.9922
73.926
166.073
171.215
113.113
113.722
174.801
178.444
172.034
161.288
157.556
50.6499
49.4771
35.5822
35.0466
26.5946
26.1161
25.2793
25.6316
25.4842
25.3057
25.0436
24.6661
40.5261
52.576
77.1635
170.986
177.731
120.383
124.284
184.962
190.107
179.9
166.133
161.335
52.1969
50.1541
35.5947
33.8779
25.946
25.8399
26.1117
26.5351
26.2206
24.6027
23.236
23.2338
39.817
49.523
73.0893
167.683
173.175
114.077
113.774
172.031
174.887
167.414
155.091
151.827
46.9268
45.553
31.6054
31.1723
22.4879
22.558
22.7726
23.0106
23.1031
23.2442
23.3708
23.4183
41.1076
50.4408
69.3067
160.704
165.923
105.91
104.624
163.311
167.074
162.465
152.023
148.606
42.0144
41.3948
30.0055
31.0633
22.3201
22.6241
22.8342
23.0707
23.8683
23.5446
24.0828
24.8926
42.6384
50.9367
68.7166
159.489
165.352
107.105
108.594
167.235
170.641
166.003
155.76
152.673
46.0213
45.5368
32.3465
32.7296
24.5508
23.8118
21.3496
21.1148
20.0366
20.4821
20.5805
20.7283
20.7391
46.5739
44.5555
66.6029
66.6147
67.5356
66.7832
37.9065
37.2966
37.31
37.3831
35.4141
21.3608
21.2559
20.8554
20.6445
20.9498
21.1579
21.3187
21.4057
21.4933
22.0067
22.3933
23.0225
21.9962
33.4682
34.6023
57.0609
56.9628
57.9981
58.036
34.3849
34.3014
33.2874
32.9259
32.3544
19.9936
20.4356
20.6936
21.1128
21.4315
21.5242
24.4864
24.7322
25.013
25.2066
25.3453
25.449
43.965
54.4011
69.8924
160.392
165.532
107.881
110.479
169.478
171.486
165.375
154.71
151.484
45.018
44.2225
31.4476
32.4583
23.9357
24.1317
23.5211
23.147
23.2663
23.3908
23.5895
23.7269
42.2203
51.86
73.3069
166.608
174.495
117.428
118.137
176.835
181.337
174.516
159.316
154.2
48.0539
46.9714
33.8432
33.8366
25.7032
25.9348
25.3202
24.8401
24.5066
23.9545
23.3941
23.3492
39.7923
51.9012
76.0743
169.981
176.758
118.796
119.076
178.764
184.091
175.065
162.437
158.519
50.2698
48.4462
34.1675
33.1112
25.0147
24.4295
24.2307
23.9298
23.5845
23.1808
23.3224
23.3348
39.1843
51.1085
71.0781
162.67
170.289
114.478
117.369
177.353
181.298
172.69
158.736
152.412
43.2385
42.0581
29.2493
29.8762
22.2372
22.4567
22.7397
22.851
22.9856
23.1367
23.2781
23.3665
40.5294
50.0737
69.193
162.676
168.944
110.295
110.772
170.267
173.075
166.282
155.484
152.383
45.4709
43.6898
30.5537
30.7892
22.3443
22.4257
19.8571
20.0744
20.2482
20.4027
20.4458
20.6392
20.5723
45.6297
42.7538
65.0795
65.5002
65.3987
64.1988
36.4341
36.5334
37.234
36.849
35.0949
21.6815
21.7384
21.3306
21.1141
21.3505
20.9895
21.0188
21.1164
21.3192
21.3284
21.3125
21.4932
21.3764
32.7402
34.9743
59.9735
61.6068
63.2823
63.4578
39.2822
37.9367
36.9633
36.3992
34.8627
21.2143
21.0303
21.1019
21.0224
21.1508
21.3307
24.0685
24.0627
24.0714
24.0483
24.0451
24.0817
41.7223
54.7458
71.3118
160.644
165.629
107.686
108.147
166.653
171
165.96
155.326
152.242
45.4828
45.0586
32.0608
32.3426
23.8946
24.1046
23.8463
23.6274
23.3884
23.3603
23.4873
23.6694
40.7433
51.1376
71.6036
164.585
170.027
110.406
109.68
168.121
171.452
166.023
156.176
153.428
46.3036
44.8782
31.7394
31.6854
23.113
23.0343
23.3479
23.0673
22.9813
23.1298
23.2349
23.3071
40.0049
50.9964
71.1775
162.246
166.645
107.573
108.32
168.289
172.594
166.803
155.78
151.973
45.0267
43.9533
31.2701
31.4424
23.0312
22.5845
22.8492
22.9173
23.1003
23.6014
23.6168
23.3857
39.4706
50.8981
71.5933
161.954
164.882
105.367
105.492
163.25
167.291
162.652
152.038
148.774
43.5034
44.157
31.7136
31.5037
23.6251
23.4162
19.1139
19.2326
19.1614
19.5433
20.0018
20.7051
36.7943
48.9922
73.8033
167.344
173.468
115.506
116.236
175.152
179.78
173.192
161.052
156.779
48.5925
46.8726
32.4413
31.636
25.1856
26.1624
23.1204
23.0713
22.7208
22.2535
21.5201
21.118
21.4073
45.0974
43.8984
67.1815
68.0037
69.7379
69.9052
41.1301
39.5801
38.3619
38.1316
36.8077
23.5619
24.0245
24.1344
22.2196
21.8919
22.4007
23.9206
24.6367
24.6143
23.9401
23.4183
23.4682
23.1112
35.5604
38.3028
64.1308
65.9926
67.1576
66.1194
41.847
41.096
39.5774
39.0029
38.1434
24.497
24.5972
24.9402
24.4516
24.334
23.7267
25.8487
25.535
25.5406
24.9332
23.845
23.4911
38.9592
51.32
74.932
169.354
177.999
119.965
116.663
172.327
177.325
168.717
155.865
150.975
43.3599
42.8831
30.4639
30.3353
22.4641
22.1303
22.2329
22.0919
21.1932
20.9968
21.5199
21.8967
37.2259
48.8823
69.5258
159.97
163.649
105.229
106.254
166.454
171.775
164.585
152.756
148.949
41.9594
41.2871
29.174
29.6962
22.3439
22.5122
22.6519
22.5976
22.2211
22.0304
22.1027
22.1785
36.598
47.5102
68.0025
158.571
162.987
102.588
99.4221
156.451
161.339
156.613
147.044
145.355
39.1406
37.9722
25.7414
26.633
18.3027
18.3602
18.532
18.9027
19.0302
19.4575
19.9023
20.3498
38.3176
46.8831
64.0828
155.099
158.295
98.611
99.2758
157.733
160.854
152.88
143.145
141.956
36.5157
37.8894
26.4038
27.3885
18.2855
18.4625
18.6718
18.7112
18.9565
19.2697
19.898
20.2046
38.0923
45.7454
66.0404
159.178
164.683
105.505
104.166
162.472
165.513
160.205
151.202
149.223
42.3698
41.385
28.9112
28.7346
20.8515
20.1791
16.454
15.9866
15.9844
16.1029
16.4128
17.2974
17.9228
43.8772
41.9143
62.7827
61.7873
62.011
61.1215
34.505
34.8468
34.4646
32.9352
31.5651
19.4561
20.0215
20.0377
20.0838
20.1458
20.1575
19.9882
19.9068
19.9229
20.0147
20.3815
20.7496
20.777
33.0864
35.0108
58.863
59.1168
58.9264
57.2728
34.2301
35.3846
35.4453
35.1993
34.972
22.2103
21.8725
21.1612
20.7899
20.4479
20.3078
22.794
22.4306
22.0315
21.5212
20.8917
20.5968
38.5967
51.0855
71.5794
162.829
166.822
106.582
105.847
165.46
169.955
164.816
154.065
150.557
43.708
43.0891
30.0002
29.8934
21.4068
21.1697
20.9525
20.6113
20.4495
20.8887
21.3507
21.3299
36.8413
47.6305
67.2596
159.669
166.774
109.145
109.109
167.9
173.182
167.063
155.614
151.31
44.0215
43.4696
29.6983
28.6596
20.7198
20.5432
20.4228
20.1398
19.9336
19.7199
19.4993
19.2589
35.5773
47.1236
70.981
163.864
168.984
108.16
106.067
164.757
169.563
164.499
153.981
150.812
43.3166
41.6578
28.4086
28.1609
20.4631
20.3469
20.2761
20.418
20.534
20.7072
20.5027
20.2381
35.5846
46.1545
67.6388
159.284
163.922
105.382
105.473
163.592
169.324
164.741
153.661
150.655
43.0452
41.4171
28.0865
27.6967
20.3882
19.9653
19.2022
18.6533
18.6291
18.7334
18.8308
18.9125
34.1575
43.7149
66.1726
157.876
161.777
101.38
100.904
159.12
164.047
159.971
149.952
147.395
40.497
39.6361
26.9571
26.6525
19.0608
18.9705
15.9422
15.8824
15.9914
16.203
16.3568
16.462
16.1894
41.7231
38.0809
60.3833
59.67
59.3995
59.3556
32.5652
32.5142
31.8682
31.5263
31.223
18.2948
18.4488
18.5675
18.231
18.2237
18.0332
17.8622
18.0694
18.0625
18.1269
18.226
17.9115
18.1578
30.676
32.6834
56.2865
57.9792
58.126
57.2715
34.1396
33.9451
33.0411
32.203
31.4391
19.2655
19.2102
18.5719
18.3512
18.2578
18.6809
21.8824
21.4904
20.7712
20.5584
20.5345
20.1912
37.7801
49.713
71.1563
163.255
169.129
109.823
107.677
165.853
171.03
166.902
156.779
152.76
45.7788
44.457
31.5767
31.3761
22.9939
23.1641
22.8673
22.7111
22.2027
21.4005
21.6471
21.819
37.8907
50.7685
76.0938
170.158
177.102
118.352
120.07
177.923
179.819
170.932
159.843
157.241
49.9325
47.4853
33.7705
33.1031
25.8727
26.0453
26.071
25.3615
24.8698
24.2846
23.0875
22.6329
37.1223
50.8359
77.1597
172.542
183.717
130.542
135.337
189.754
194.543
185.261
167.831
164.328
54.3629
50.9147
36.3403
34.9547
28.4581
28.3162
27.6139
26.9131
26.529
26.4457
26.2541
26.1745
38.2958
52.2808
78.6136
172.849
183.138
128.078
130.489
189.409
193.417
182.075
164.565
160.31
50.9904
47.5716
33.2146
31.3922
24.3048
24.6926
25.0234
24.8119
24.1325
23.3914
23.0981
22.8649
36.4268
47.4208
70.1499
165.351
174.022
117.755
119.746
179.265
184.671
174.894
161.327
156.119
47.6606
45.1845
30.3416
29.5217
21.811
21.4079
18.5694
18.7702
18.5081
18.368
18.5017
19.0542
19.7515
43.8157
43.1693
68.3782
70.1109
68.0858
64.5799
37.6013
38.5421
38.9483
39.197
37.4486
22.4097
21.3522
20.0137
18.6864
18.7368
18.8887
18.5422
18.3132
18.3992
18.4311
18.4594
18.9092
19.7299
32.4806
34.411
58.3298
60.1638
61.99
62.1549
38.7596
38.8393
36.9275
34.8088
33.5016
20.0511
19.3015
19.1311
19.0847
18.732
19.1997
19.3442
19.474
19.4824
19.4931
19.5809
19.3683
19.6187
31.9493
33.6588
57.265
57.475
57.4938
56.5622
33.1896
33.8642
33.9111
33.2572
32.1704
19.3201
19.4171
19.7154
19.7319
20.1708
20.5437
23.3365
23.1979
23.2353
23.4849
23.5537
23.6604
39.6818
52.0894
71.0618
162.126
164.58
103.502
102.621
160.592
165.026
160.84
151.684
149.462
43.8659
43.4507
31.0117
30.6851
22.4788
22.7264
22.1872
21.4023
20.7303
20.5171
20.929
21.3079
36.733
47.002
69.2075
161.396
165.592
105.342
104.777
163.725
168.558
164.272
153.51
150.983
44.6209
43.4976
30.5273
30.3828
22.1823
22.3244
22.3351
22.2051
22.0759
21.4077
21.1756
20.8166
36.3186
47.9801
71.5719
164.793
171.217
113.166
111.697
168.962
174.075
166.96
155.746
152.633
45.6884
43.745
30.7605
31.2152
22.9412
22.3602
21.6332
21.7284
21.9011
21.4454
21.6887
22.1399
37.1723
48.4398
69.5923
160.596
163.507
104.592
106.687
165.293
172.323
169.213
156.911
151.753
43.3648
42.1127
29.2889
28.6041
21.734
22.4157
20.0126
20.4131
20.6035
20.6679
20.7387
20.8141
20.7214
44.4134
41.6554
63.2648
62.773
63.6244
64.0235
37.5731
37.6698
37.3092
36.0849
34.4239
22.2292
22.103
21.7351
21.5778
21.7276
22.2941
22.1446
21.8926
21.9512
22.0044
22.0567
22.0945
21.9906
33.7578
35.2804
58.4992
58.6502
59.1178
58.7208
35.4101
35.8701
36.981
36.7585
35.088
22.4335
22.22
22.5584
23.1985
23.1714
22.9727
27.4289
27.351
26.9442
26.7446
27.1422
26.8867
42.4888
55.7046
74.9159
164.808
166.91
109.596
111.807
171.345
178.567
173.229
159.997
156.178
48.4258
46.8791
34.1927
34.2281
26.1077
26.0174
26.1521
26.5717
26.7884
26.8621
27.3975
27.7056
41.3577
53.6893
78.5697
173.273
180.543
122.689
122.569
180.784
185.538
176.497
162.95
158.368
50.0624
46.9137
32.0319
31.4542
23.6772
23.4697
23.1377
22.9515
22.4902
22.6842
23.4487
23.8225
38.0336
48.6928
74.2835
170.892
179.399
125.044
128.246
188.985
194.846
191.712
183.722
178.965
56.527
48.9436
33.5287
32.5747
25.6892
24.9622
25.4539
26.0166
26.158
25.1455
24.3438
23.926
38.4274
50.0432
75.0011
171.134
179.668
116.912
114.368
174.986
183.906
179.105
165.649
160.93
49.087
45.1096
31.4713
30.0942
22.5637
21.9103
21.5872
22.275
22.8836
22.2246
21.8335
21.3082
34.6907
45.7015
67.6224
159.39
164.874
106.846
107.007
165.758
170.264
164.94
154.767
151.673
44.1849
41.8904
28.3728
28.454
21.7244
21.282
18.1759
18.4187
18.163
17.8395
18.2751
18.7617
18.7108
43.2664
41.0353
62.6977
62.326
64.044
64.1613
38.0907
38.6581
37.8478
37.6021
35.946
22.4793
21.9882
21.7836
20.9727
20.3261
20.2142
20.3256
20.4078
20.94
21.3235
21.3715
21.9017
22.2434
34.325
36.0351
60.0084
60.9842
62.3204
63.5254
40.2781
39.7072
37.9023
36.8018
35.5375
22.486
22.4202
22.5933
21.6307
21.0784
20.8356
23.4861
23.4928
23.9712
24.3159
24.935
25.2754
41.068
53.1568
74.2777
165.968
172.077
113.402
113.789
175.868
184.628
174.609
162.117
158.295
48.9003
45.3936
31.6156
31.0293
22.9589
23.1702
23.3251
24.0485
24.8988
25.953
26.475
26.4971
41.3821
52.028
73.7453
164.887
168.771
109.15
110.788
171.402
178.749
172.507
159.508
154.968
48.3725
47.3882
34.0012
33.3016
26.5853
26.7578
27.1296
27.5971
27.048
26.7698
26.0633
25.5577
40.4382
53.2722
74.5899
163.648
167.566
110.806
113.294
175.894
185.723
179.381
162.947
158.27
50.5985
48.4588
34.9951
34.5559
27.0147
25.4492
24.7975
25.3572
25.5709
25.5989
26.1042
26.4695
40.0471
51.8342
73.852
163.874
166.642
106.927
105.989
163.841
168.194
163.541
153.557
150.631
45.1659
45.5822
33.7104
33.2087
25.5522
25.3875
25.2972
25.4203
25.2959
25.3882
25.6143
25.7941
39.2682
51.6865
72.9666
162.385
164.753
104.269
105.05
164.114
169.892
166.89
156.613
154.282
46.7093
44.205
31.2878
30.5921
23.2387
22.9614
19.6952
19.8881
19.6143
19.4829
20.135
21.1885
21.8232
45.6495
42.4233
63.6295
62.9991
64.1502
64.2953
37.1023
36.0484
35.806
35.5938
33.8678
19.8498
19.7815
20.4329
20.4515
20.6617
20.274
20.0381
20.1372
20.1825
20.1729
20.8668
21.2401
21.736
33.2925
34.9616
58.7484
59.0097
59.8351
60.4446
37.819
38.6022
37.7265
36.6381
35.0553
22.1488
22.0171
22.3619
22.6136
22.8247
22.9523
26.3596
26.1949
25.391
24.9781
25.2644
25.4626
40.7679
53.5454
73.2841
162.619
165.124
106.843
106.558
165.864
171.757
168.278
157.598
153.463
46.3044
44.4783
32.182
31.8864
23.7875
23.9846
23.7233
23.5716
23.3076
22.7418
22.1608
22.3371
38.5361
49.3302
72.7613
165.611
169.74
111.123
110.46
169.45
174.005
168.266
157.571
154.456
47.647
45.6124
33.086
32.6396
24.5425
24.823
25.3301
24.8889
24.6186
24.1352
23.546
23.2286
38.2088
50.7972
75.7051
169.514
176.09
117.695
118.641
178.489
184.031
176.452
163.121
159.189
50.9374
48.7205
36.1321
35.2226
28.346
28.8596
28.4457
27.8891
27.5217
26.8868
26.4471
25.8362
39.4681
53.5555
79.9086
174.962
184.803
130.041
129.224
186.735
191.985
180.974
168.003
164.742
54.8914
51.7678
38.2209
37.6176
31.407
31.1768
30.9373
30.2659
29.5847
29.322
28.6554
27.9631
38.8545
54.4245
82.6959
180.392
197.419
140.995
139.372
201.866
221.865
219.043
209.822
208.6
78.5129
57.6528
41.8728
39.0671
32.3461
31.7868
27.8682
28.0249
28.7656
28.59
28.1185
27.9902
29.0377
48.1189
51.8832
80.6627
85.0424
85.3092
83.4628
49.7922
52.3277
56.6871
57.2692
54.3174
38.797
35.2863
32.5193
32.7285
33.2547
32.6939
32.9724
33.3387
33.3657
33.1413
32.9635
33.0135
32.9753
44.9327
46.2688
71.4861
73.74
76.8275
76.3383
51.3788
50.1677
47.6601
47.274
47.2613
34.2685
33.7929
33.7512
33.5039
32.8646
32.3121
34.8255
33.6589
32.5936
31.8851
32.0083
32.2576
43.4729
55.2932
83.176
177.521
186.022
129.71
130.668
188.647
193.951
190.246
172.804
166.783
54.8354
50.7719
36.0962
34.5155
27.412
27.7932
28.4988
29.9358
30.6164
30.9458
30.9764
31.0303
41.8303
55.0428
81.7646
176.718
186.269
125.891
125.206
184.15
191.05
185.315
170.23
163.979
53.5627
50.2542
36.3824
35.3635
28.6237
28.5283
28.7788
29.0051
29.4247
29.229
28.9406
29.5451
42.1372
54.5607
77.4402
169.577
176.401
119.35
121.925
182.104
190.425
182.261
165.738
161.406
53.0682
50.8828
37.087
36.5424
30.1552
29.5614
29.8996
29.8122
29.6091
28.7072
28.6027
29.4267
39.5399
52.0065
78.1148
173.787
184.215
126.807
125.991
184.234
191.61
186.801
171.265
165.835
55.6281
52.564
39.5375
38.0493
31.2151
31.4316
31.0987
30.9284
30.7812
30.739
30.2696
29.9412
42.0654
55.9633
84.7711
181.257
191.211
132.606
130.796
189.734
193.77
189.346
174.265
167.282
56.1901
51.817
38.5507
37.8253
31.2994
31.5291
28.5241
28.7301
28.8812
28.9944
29.0808
28.8413
29.2708
50.6073
50.274
75.2543
78.1968
83.5811
87.2029
57.6258
59.0042
58.5575
56.6174
52.5839
38.0954
37.2982
35.8921
34.6107
34.3741
34.3189
33.6603
32.8072
32.521
32.5784
32.1146
31.7387
32.0193
45.2771
49.8557
77.1443
80.5697
82.4837
78.608
51.7105
51.7686
50.2821
49.3587
46.877
32.2571
31.6279
32.0456
31.142
30.5444
30.6781
34.3372
33.8812
33.2662
33.6075
33.8619
34.2849
47.7936
60.8898
86.8582
182.631
193.235
134.689
132.553
190.628
194.094
189.509
174.533
168.12
57.4794
53.6204
39.8547
39.3562
31.3886
30.8645
30.7575
30.6638
30.7308
31.6827
32.7497
33.1054
44.4419
58.3658
85.6175
180.225
190.938
132.481
130.519
189.042
193.352
189.869
177.465
170.016
56.362
50.9586
36.4621
35.3802
28.8785
29.1929
30.8962
31.5357
31.8061
31.3156
30.4644
29.9761
41.8363
55.744
81.9547
176.653
188.525
134.666
134.659
193.582
198.35
193.579
178.502
168.492
56.975
52.5968
38.8512
38.2158
32.6559
32.3858
32.2691
32.923
32.3044
31.7781
31.3761
31.5938
42.3143
57.1681
84.6624
179.738
193.157
135.568
134.729
194.516
199.826
195.385
182.047
172.645
58.0195
55.5904
41.9485
40.3342
34.3851
34.3668
33.8294
33.2572
32.2692
31.7251
31.3482
31.0077
42.0298
57.5438
86.1042
181.969
194.078
137.037
136.237
196.374
203.972
196.978
183.834
174.805
59.8487
55.922
42.1766
39.5015
33.4109
34.4595
31.706
30.5839
29.7458
29.8548
30.2531
30.4372
30.1175
49.4148
51.4966
76.6188
80.3612
85.2684
84.1382
51.4127
49.7693
48.4313
47.0495
45.7168
33.6249
33.4144
32.9409
33.045
32.8659
31.6436
31.491
31.3925
30.8092
30.1056
29.3356
28.7618
29.651
42.4723
44.79
70.461
73.3127
75.4446
73.087
47.8335
47.8243
48.2277
47.7574
44.9413
31.6201
30.3088
29.541
29.4822
28.9637
28.8024
28.9029
28.4667
27.6403
28.3663
28.9568
29.5677
29.687
42.0888
45.5583
71.0167
72.5727
76.2032
75.912
51.0102
50.3509
48.4709
46.7441
44.5066
30.1567
28.8219
29.0611
28.494
28.0144
28.0805
31.1305
31.1167
31.1266
31.1464
31.5344
31.8353
45.5912
57.4849
80.9369
176.41
186.19
127.581
122.997
178.16
186.142
181.093
166.18
161.334
52.575
50.6015
37.6438
36.5806
29.7039
29.6887
29.9982
30.305
30.3554
31.4573
32.0957
32.1118
44.4752
57.0886
80.561
174.781
183.691
126.889
126.613
184.565
192.228
185.236
169.015
165.029
55.7738
51.5993
38.458
38.1504
31.2907
31.4319
32.3074
32.6035
31.497
31.0304
30.9779
31.0387
41.9242
55.049
78.692
171.183
177.537
119.13
122.743
182.808
189.696
183.602
165.583
159.996
51.9832
50.0159
37.2167
36.2564
29.6117
29.9595
30.4474
30.7535
30.3488
30.6185
30.9397
30.5403
41.4224
55.3119
79.0432
170.465
176.381
118.395
121.469
178.74
179.414
173.432
162.432
157.534
49.2493
47.5116
35.1585
34.8384
28.5266
29.1318
26.1112
26.2355
26.3448
26.4284
26.4816
26.5622
26.82
48.4048
46.3904
68.5674
68.3549
69.6473
68.9477
42.4778
42.6634
41.1508
40.7417
40.2356
27.4082
26.4726
26.1802
25.6359
25.1753
25.0806
24.768
24.5669
24.3934
23.7449
23.5119
23.5425
23.8263
38.325
41.8671
67.4558
69.7062
70.5774
69.0587
44.0536
43.0129
42.7635
43.026
40.4998
26.5924
26.2702
27.0111
27.0871
27.1329
27.1221
29.9409
29.2917
29.0706
28.7039
28.0506
27.7645
43.4163
56.6046
81.0625
175.855
183.185
126.747
132.678
190.033
195.777
183.454
167.563
163.064
54.1791
52.6246
40.0434
39.002
32.4225
32.4447
31.903
31.7083
31.4147
31.2034
31.2632
31.2988
44.5549
57.7088
82.9891
177.041
186.244
129.478
130.771
192.188
197.768
192.95
178.021
167.024
56.4991
53.5552
38.5334
37.2777
31.2802
31.1756
31.0934
31.5275
31.6308
31.3167
31.1038
31.1273
43.5878
57.8252
84.2295
177.885
185.433
127.543
129.325
189.972
195.25
191.476
176.584
167.883
57.1455
54.8732
39.9119
37.0962
30.8431
30.9097
30.7599
30.5805
30.7314
31.8774
32.4455
32.9192
43.8514
57.7266
81.0071
172.039
178.412
122.977
126.32
186.327
193.853
186.382
169.81
163.942
53.7804
50.7758
36.4512
35.2768
28.4497
28.8376
29.2211
28.8381
27.5557
27.0227
27.1269
27.145
41.4263
54.6205
78.6692
172.533
179.724
121.156
122.412
182.351
191.457
182.991
166.012
160.424
51.4804
48.8231
36.3248
35.4506
28.4946
28.9167
26.0853
25.159
24.3519
24.2213
24.3215
24.3569
24.8562
47.6142
46.4544
70.6198
71.8379
73.3329
71.8299
43.6477
43.3245
42.9729
43.0087
42.5065
30.8024
31.0624
31.3383
31.4074
31.9801
31.3353
29.3869
28.2273
27.953
27.5846
27.0884
26.8347
27.4454
41.7034
46.519
72.392
73.3499
75.4093
76.2667
51.578
49.6458
48.3767
47.3559
45.3321
32.1478
30.6584
29.7136
29.0595
28.9881
27.748
30.6178
31.4147
33.3276
32.2998
32.2651
32.8157
45.7647
57.0994
81.3536
175.54
183.725
128.55
131.353
190.851
194.797
188.286
173.562
168.385
56.7964
53.1872
38.705
38.1755
31.0051
30.8918
31.0317
32.0091
32.5829
32.3616
32.1604
32.2384
44.7938
57.1655
80.0743
172.458
178.832
121.4
126.259
189.282
194.914
188.093
171.69
165.524
54.9928
52.3055
39.2152
38.2857
31.5486
31.6326
31.9517
32.4091
32.5142
32.5981
32.6781
32.762
44.1961
57.0751
82.6593
178.184
188.746
132.022
132.304
190.316
194.604
190.05
170.386
162.956
54.2327
53.2567
38.8537
37.9026
30.8085
30.6675
30.8232
30.9477
31.5157
32.2975
32.8944
33.7992
46.2628
59.3384
84.6234
178.416
187.793
132.956
133.835
195.018
202.376
196.101
183.298
174.73
58.7332
55.1432
41.5578
39.9153
33.4949
33.7402
33.6611
34.8467
35.7513
35.3592
33.8222
33.2626
43.1742
58.3959
86.1688
181.68
192.76
134.158
132.885
192.685
197.536
192.98
179.436
172.582
58.7703
54.6109
40.3919
39.2082
32.7999
33.0834
29.9564
30.2019
30.4874
30.388
29.7426
30.1466
30.8074
50.8546
51.8151
77.3011
78.7152
81.7545
85.5223
53.5126
53.2314
51.9135
48.0079
45.0248
32.4155
31.9882
31.5686
31.1966
30.6719
30.5263
30.9105
30.6841
30.157
30.2133
30.2671
29.8832
29.8352
43.711
47.8511
73.7513
75.4456
79.2079
80.2146
55.1477
51.5132
48.031
46.8167
44.6265
30.9088
30.1446
30.4733
30.5961
30.4276
30.0328
33.7257
33.9898
33.2645
32.6372
32.7855
33.3788
46.0841
59.7855
84.6604
178.305
191.948
136.379
136.055
195.396
200.14
195.038
177.062
166.331
55.1302
53.4403
40.7206
40.2434
33.79
33.7304
33.2031
32.952
33.1488
33.2285
33.0939
32.8885
45.1583
61.1413
88.5082
181.992
190.854
127.974
133.572
195.357
202.098
194.682
180.844
172.463
59.1907
56.4531
41.7981
39.3189
32.094
32.0007
31.4068
30.9912
31.0601
31.1093
31.198
31.8138
43.4321
56.2703
82.5485
176.634
183.079
126.03
131.962
191.439
195.907
191.223
177.172
170.388
57.0702
55.3232
41.2985
39.5818
33.1273
32.6898
32.0093
32.1031
31.9334
31.7844
31.8485
32.1699
43.46
56.8159
82.6935
176.653
184.576
128.291
129.714
190.091
196.326
191.533
175.803
169.987
57.4588
55.2531
41.7947
40.8382
34.3772
34.1296
33.9396
34.0327
34.0907
33.5787
33.2108
33.2706
43.1802
56.7878
81.5821
175.125
182.592
127.817
130.937
191.191
195.852
191.346
176.933
170.633
58.6784
55.6533
41.5465
40.1554
32.9523
32.54
30.4312
29.6557
29.5213
29.3417
28.8497
28.7795
28.5765
49.9044
48.6178
72.8387
75.2683
78.3529
80.3665
50.6553
49.6894
47.3706
44.7008
43.1928
29.3794
28.2307
28.632
28.0666
27.6423
28.2155
28.7212
28.7786
28.2285
27.9448
27.9418
27.9546
28.4465
40.4341
42.666
69.2279
71.7101
73.751
74.7279
50.1721
48.5996
46.0559
44.6511
43.8489
29.9515
29.3214
29.1515
29.1059
29.3697
29.8476
33.1156
33.1002
32.6599
32.323
32.353
32.8666
46.4535
58.7317
82.6186
178.279
189.374
130.043
128.439
189.643
195.561
188.729
173.658
166.672
56.8114
55.4036
42.3612
41.3768
32.5898
31.8904
31.992
32.0377
32.1277
32.2003
31.4762
31.7434
45.6628
58.1185
84.69
178.517
186.038
129.31
130.099
190.773
195.885
190.554
173.559
168.433
58.1961
54.417
39.9863
39.7004
32.7679
32.9559
32.6108
32.3792
32.5178
32.6124
32.6968
32.2511
45.5865
58.2974
83.1479
178.386
189.451
134.082
133.662
192.887
197.03
192.808
179.223
169.951
58.8125
57.7316
43.8743
42.9819
36.2994
36.1551
36.2978
35.9035
35.0776
34.4647
34.3009
34.3879
46.4303
59.4108
85.5626
182.064
191.144
133.835
133.76
192.372
195.754
191.579
174.853
170.332
58.9534
56.6751
42.2633
41.7637
35.4428
34.7114
34.4501
34.5644
34.6781
34.4739
34.3213
33.92
46.1289
59.4508
84.4783
179.459
186.181
127.048
128.886
189.813
195.522
191.528
172.282
165.641
56.9679
54.6144
39.9502
38.9966
32.1661
32.0521
29.1568
29.3821
29.4547
29.0753
29.3738
29.7508
29.1495
52.5293
51.2043
74.6515
77.3854
80.4424
80.7194
51.2131
51.1313
49.9759
48.9808
47.4455
34.2445
33.4885
32.811
32.7492
32.413
32.2146
32.3208
31.6035
31.0247
30.6667
30.3801
30.444
30.3186
44.098
49.2358
74.5616
76.4345
79.5316
79.7837
53.9906
51.7316
50.1811
48.1095
45.9592
33.2235
33.096
32.6599
32.2308
32.0704
32.1811
35.4075
35.5222
36.1147
35.9687
35.3395
35.1469
49.0759
61.4058
85.8853
180.658
190.775
133.532
134.176
194.015
198.282
192.705
176.966
170.079
58.4436
57.1481
42.8688
42.0103
34.6892
34.5342
33.8703
32.8888
32.2971
32.3656
32.6476
33.8016
47.216
59.8786
83.263
177.08
185.866
129.547
132.737
193.546
197.312
191.901
176.039
169.047
56.4522
54.2778
40.6042
39.4692
32.2242
31.3231
31.354
31.7637
31.2859
31.3239
32.2405
32.61
45.26
58.3976
81.5955
173.396
178.764
121.723
126.847
190.71
197.629
192.794
176.209
168.074
56.1529
53.7714
40.6719
39.9776
32.7814
32.2366
32.4968
32.9379
33.0214
33.0945
33.0605
33.0771
43.7386
57.8023
80.7767
171.116
175.105
116.26
119.811
182.807
191.884
184.658
168.979
163.154
53.9303
52.3641
38.2839
37.527
30.4355
30.3209
31.0421
31.3793
31.4622
32.0262
32.3459
31.9728
42.8011
56.5541
79.7533
169.847
173.168
113.002
114.317
176.083
185.716
178.983
164.996
160.282
52.227
50.8605
37.1864
36.4542
29.0454
29.44
26.798
26.5896
27.2956
27.3172
27.0895
27.3242
27.6989
50.1904
49.2904
71.7341
70.6803
70.8369
72.8714
46.7977
45.4724
44.1478
43.5678
42.8771
29.6711
29.253
28.9917
28.4515
28.2202
28.3269
28.9371
28.5929
28.1627
27.5763
27.162
27.2063
27.6034
40.0706
42.2572
66.7143
67.1778
67.8582
68.9356
46.5509
47.0272
46.9867
46.3373
43.5496
29.8085
29.1021
28.8081
29.0847
28.8076
28.3437
30.589
30.3023
30.3471
30.1403
29.3735
28.6109
45.0703
58.8531
78.4263
167.44
173.909
117.952
119.4
179.269
187.825
180.749
168.315
163.465
54.8247
52.2097
38.0946
37.7124
30.1152
30.2534
29.6723
30.0352
29.9755
29.7218
29.7279
29.7627
44.0807
55.4849
76.7102
167.943
174.027
116.769
119.813
181.751
188.97
179.412
165.959
161.119
52.3806
51.1746
37.6572
37.3951
30.1612
30.035
29.3276
28.8751
28.3804
28.0984
27.8053
27.1799
42.2376
54.075
77.9711
172.5
178.614
120.281
123.21
183.367
191.494
183.848
168.249
163.101
54.4519
52.7249
38.5072
37.8259
30.8279
30.7531
30.8699
30.4764
29.5401
29.8586
29.7748
29.596
43.2987
55.2403
77.3399
170.444
178.545
124.554
129.286
189.525
195.304
187.676
172.344
166.437
56.3614
54.1638
39.9182
38.395
31.2857
30.9675
30.1959
29.8649
29.1799
28.7581
28.8399
28.2557
40.3643
53.6754
75.4613
167.259
173.224
118.887
127.324
191.358
195.948
187.268
172.722
167.2
55.7512
53.1885
39.2223
38.4061
31.6346
31.5337
28.1255
27.9952
27.2331
26.7446
26.4803
25.7847
26.8748
51.0076
49.843
74.4703
75.3226
77.9773
79.8413
49.3867
48.6023
48.5407
47.4061
45.6899
33.0028
32.4153
31.5883
31.172
31.3254
31.7812
30.92
30.6267
31.0005
30.9344
30.8402
30.3892
30.1934
41.4392
44.8479
69.006
70.2104
72.7888
73.6854
50.9596
49.4186
47.498
46.6879
45.7931
32.024
30.6446
28.9291
28.1043
28.232
27.6928
31.0507
31.2707
31.9811
32.1016
31.7557
31.2616
44.6362
58.1809
81.9928
175.253
182.604
126.791
130.466
192.947
199.445
194.393
178.191
171.649
58.5979
54.9337
40.6227
40.1487
32.9914
33.2166
32.8541
32.6126
32.4355
31.6869
31.4345
31.5133
45.4853
58.2904
84.9406
181.858
190.3
136.547
140.356
200.589
208.829
204.3
179.056
166.82
55.613
53.5408
40.3244
39.958
34.021
34.3849
33.886
33.8326
34.0929
34.1105
34.1731
34.0312
44.4025
59.1115
86.1762
182.25
193.774
138.973
139.625
201.769
207.844
197.648
176.587
168.847
57.8772
57.1604
44.5826
43.3581
37.2964
37.9421
37.4728
37.229
37.4943
37.3349
37.1875
36.7914
47.0595
62.1029
91.0144
188.022
200.078
141.766
144.286
207.899
219.333
207.563
186.149
176.135
59.8686
57.4222
43.1658
42.3221
37.0405
37.2092
36.8722
36.0791
35.7386
35.0463
34.6567
34.8022
44.2706
58.2663
87.1181
185.209
198.216
140.499
142.504
206.088
210.17
202.464
185.845
174.297
59.1497
57.2393
43.518
41.9629
34.3227
33.8664
30.8219
30.5554
30.4129
30.5395
30.6441
30.0054
30.2809
52.4253
52.809
77.2709
78.0608
83.6247
92.1268
59.3353
60.8873
58.9801
55.109
49.4116
34.3227
33.8509
33.0735
33.0186
33.4717
32.2037
31.2157
30.6863
29.9694
30.3593
30.857
30.9234
31.5356
45.5288
50.22
75.2624
76.7766
79.0027
78.8217
58.51
61.0637
59.4537
55.9163
50.1825
36.0375
34.9335
33.7473
33.297
32.6714
32.5343
35.0538
34.9453
34.5368
32.9129
32.3291
32.3459
44.7917
58.5029
81.8141
175.406
182.422
125.122
130.242
191.505
196.969
192.236
173.86
166.422
57.673
55.3717
40.4203
39.7626
33.3683
33.55
29.3461
29.1828
28.5199
28.2495
28.7558
29.2586
42.3077
56.046
82.1062
176.556
187.577
131.382
132.431
194.315
199.571
193.853
179.315
170.416
55.3568
51.8907
38.4812
37.7848
30.342
30.2009
30.5449
30.8389
31.2576
31.582
31.0677
31.1942
42.7932
55.3095
78.5454
171.475
179.952
126.176
129.626
189.465
194.471
188.973
173.376
167.814
54.5061
50.5994
36.7079
36.5475
30.0068
30.1856
30.7642
30.6674
30.3434
29.9963
28.746
28.2029
38.3775
51.8589
74.6549
165.639
171.145
113.432
116.217
175.688
181.78
175.264
162.521
157.883
49.3157
47.7732
34.0304
33.7075
27.0333
27.2011
27.3069
27.41
27.5062
27.61
27.6794
27.2312
38.7234
52.0054
75.1093
166.014
169.638
112.349
115.794
176.26
180.967
172.288
159.923
154.633
46.1799
45.1976
31.6528
31.4348
24.3545
24.4478
21.7683
21.8478
22.1824
22.612
22.9884
23.3081
22.9141
45.1342
43.1478
65.4734
66.1148
67.809
68.2333
39.1107
39.9752
39.8187
38.5696
37.1432
24.1589
24.305
24.3919
24.1739
23.5994
23.5972
23.7205
23.8041
23.3951
22.9081
22.6484
23.7904
23.6875
36.2979
38.0899
64.3151
66.5515
67.5006
67.6403
44.2952
44.0406
43.2589
41.8927
40.5886
28.2448
28.068
27.8657
27.9249
27.8144
27.4363
27.3376
26.932
26.2443
25.5419
25.3839
25.4497
24.6613
38.4113
42.8013
68.4203
70.5019
72.3088
71.5229
47.0648
46.6135
47.1679
46.3068
44.1312
30.9871
29.2003
27.5682
26.8161
26.2245
26.4364
29.3591
28.9398
28.9312
28.4813
27.7571
27.5341
41.9656
55.3487
78.2502
171.36
177.414
121.823
124.285
180.473
186.364
180.409
164.606
158.427
50.4438
49.4579
35.8837
35.8489
28.6456
29.0695
28.6941
28.4381
28.5071
28.0824
27.7734
27.8185
41.4008
54.0187
76.5828
169.315
177.437
123.352
125.739
185.804
191.044
183.232
166.605
161.58
52.4767
50.6548
36.8799
37.424
30.0037
29.2715
29.0966
28.8722
28.6743
27.7399
27.0697
27.1389
41.8065
55.2543
80.1599
175.638
184.869
126.432
129.51
189.853
193.213
186.771
169.663
164.096
53.7624
50.745
36.5305
36.3354
28.9042
28.7343
28.8715
28.9798
29.066
28.6162
28.3434
28.1127
40.6927
52.5526
75.5402
169.645
179.214
124.077
125.852
184.441
189.657
179.024
162.286
157.446
49.1441
47.305
33.4434
33.1547
25.3552
25.4762
22.2494
22.6409
23.0447
23.236
23.5888
23.8366
24.4128
47.2746
44.9909
66.6028
66.3883
66.8254
66.2925
39.1685
39.5819
39.7081
39.626
38.5666
25.7158
25.5116
24.9969
25.34
25.2225
24.275
23.4585
23.3177
23.3523
23.0186
22.874
22.919
23.2544
35.6885
37.4067
60.9004
60.5937
60.7891
59.8301
35.8809
36.2845
35.3149
34.7215
34.0269
21.7409
21.8812
21.125
20.7546
20.3112
19.6915
22.4959
21.7427
21.2425
21.2931
20.8691
20.5586
38.3768
50.9203
70.1029
162.387
167.927
110.094
109.58
168.041
174.479
168.785
157.513
153.318
46.7719
46.3344
33.0161
33.4139
25.4584
25.1446
24.5388
24.4999
24.2719
23.4846
23.2022
22.6928
37.6935
49.8294
73.2427
165.167
171.1
113.77
116.066
180.313
189.071
177.367
161.417
155.962
48.3295
47.6701
34.53
34.4776
27.6802
27.851
27.2549
26.4063
25.3978
24.3384
23.1297
22.3441
37.805
51.8215
75.7161
169.075
176.207
119.215
122.965
179.397
182.559
173.472
161.526
156.929
48.1797
47.7633
36.2191
36.8574
29.1351
28.6257
27.4937
26.8441
26.0794
25.6273
25.3506
25.5395
40.1549
51.5225
74.5875
169.753
177.811
123.127
128.226
187.44
192.077
187.526
171.503
163.44
54.0922
52.4156
38.4202
37.7809
30.568
30.1871
29.4533
29.348
28.5011
27.3937
26.5746
25.5497
39.2949
53.5557
79.506
175.056
187.653
134.572
137.634
196.979
201.436
197.239
182.326
170.429
56.5909
52.7505
38.5735
37.9162
30.9681
30.8353
26.5877
26.0005
26.1572
25.9613
25.506
25.6827
25.6652
49.3962
50.0901
73.6054
74.72
77.3515
75.7745
45.6927
45.749
44.522
41.9738
40.7372
27.9145
26.9737
27.5007
28.7688
28.1506
26.8011
26.4163
26.4201
26.2764
26.4125
26.6167
26.706
26.7578
39.5943
44.2123
71.5449
72.8557
75.946
79.2363
54.8725
55.2352
55.7658
55.3145
53.0132
39.1647
38.1729
38.9237
39.2977
39.1235
38.8732
41.8639
41.1116
40.4165
39.8798
39.6595
39.6977
51.9559
66.228
90.757
186.014
195.099
137.511
135.337
193.416
198.918
194.191
180.817
170.077
57.584
54.5416
40.5252
40.7582
31.5489
28.4254
27.053
27.2618
27.6776
29.6256
32.6349
32.523
44.1797
56.5106
78.8386
170.884
175.397
116.896
123.16
183.022
185.42
172.068
158.841
154.503
47.7268
46.1739
32.7387
33.0316
26.4907
26.3373
25.5698
24.3999
24.1972
23.7392
23.5212
22.9943
36.4552
49.5392
72.2823
164.293
170.952
114.494
118.435
177.705
183.008
173.739
160.378
155.711
48.7066
47.2872
33.7705
33.7293
26.5013
25.9088
25.3918
24.8212
24.2903
23.2951
23.3085
23.1584
35.7835
48.9894
74.404
169.032
179.567
127.264
134.338
193.062
197.473
186.905
167.627
160.679
50.9739
48.6324
35.1078
34.1948
27.0259
26.6471
25.8285
25.3618
24.4699
23.4507
23.2624
22.8521
35.9908
49.4939
74.9219
172.061
186.37
138.312
142.888
205.637
215.808
212.256
203.84
200.85
59.596
52.0233
37.4067
36.1633
29.1789
28.3264
23.8217
23.7731
23.8021
23.6385
24.2755
24.6662
24.6908
44.3463
45.8212
72.8296
80.0287
93.4671
100.807
59.7634
70.8048
69.5084
60.8563
49.8282
32.571
30.6982
30.0061
28.9241
27.6643
27.0178
27.1262
26.8484
26.0798
26.6175
26.6343
25.4201
25.6162
37.7049
40.9121
68.5213
72.2321
75.3839
76.5086
54.1035
53.3255
49.8342
45.5345
41.5554
28.9806
28.8817
28.083
27.7949
27.7888
27.4766
30.8541
31.7498
33.3258
34.2613
34.116
33.9047
44.9049
58.5058
83.6035
177.306
189.814
135.519
136.703
196.142
202.133
196.896
174.286
165.201
55.1788
52.4688
39.2243
40.2648
36.5457
38.2918
37.9831
37.2377
35.3371
34.3559
33.8087
33.2525
44.9298
57.4694
82.4302
178.424
192.483
137.714
138.201
198.259
202.844
196.851
178.456
167.123
55.649
52.222
38.7981
38.7993
31.6942
31.3995
31.5408
31.5064
31.293
31.3822
30.9819
30.744
42.9806
56.6135
83.0063
178.036
190.379
135.565
136.852
195.773
198.617
191.618
169.526
161.804
52.4128
49.7656
36.7023
36.6804
30.2511
31.3266
33.8114
32.7709
31.5583
30.8467
30.9629
31.3686
43.6429
56.8297
83.1495
179.338
192.25
140.217
143.302
212.903
222.472
216.069
205.773
179.004
59.5395
57.3583
43.366
41.8477
35.1352
35.2458
34.5541
33.306
32.5279
31.7407
30.7477
30.3585
40.6785
57.7052
85.0553
178.825
188.515
138.763
142.239
205.177
217.157
209.627
183.425
168.688
57.6258
56.1226
43.0175
42.6657
36.4699
35.2322
31.1788
30.5678
29.9314
28.6945
27.856
27.251
27.4413
51.255
51.0173
75.3036
77.8645
80.6645
86.4895
52.9076
51.9026
47.5661
43.9673
41.6504
30.2822
29.8073
29.0876
28.3944
26.3148
25.1211
24.5407
23.6078
23.0321
23.857
24.4366
24.3517
23.9173
35.665
38.4704
62.532
64.194
65.7391
65.6463
41.9753
42.3145
41.1151
39.3818
37.8373
26.2733
25.8869
25.6255
25.4431
25.4515
25.5499
27.9079
27.4559
27.5044
27.4854
27.5211
28.1038
42.5535
56.0579
76.6985
166.097
170.946
114.827
118.001
179.851
186.187
176.932
163.946
159.07
52.5539
51.4697
38.2264
37.5924
29.5516
29.2797
29.2219
29.6576
28.7279
27.898
27.2821
26.2818
41.0486
54.0883
76.622
170.261
176.719
118.465
122.385
184.081
192.172
185.31
165.044
158.678
53.7521
52.7862
39.4115
39.0929
31.8216
32.0004
31.8364
32.3205
32.5557
32.2863
32.0525
30.9582
43.9888
55.6852
79.5729
174.093
181.61
126.987
130.931
191.389
197.061
191.769
171.582
161.937
53.8382
51.6758
37.9493
37.5392
29.6167
30.0023
29.5739
28.9852
28.9813
29.0691
28.808
28.5838
42.3233
56.2247
78.0073
167.734
170.401
111.89
117.953
185.951
194.616
186.242
165.892
158.976
50.2254
48.4614
35.5117
35.7253
28.0175
27.8316
27.678
27.525
27.0778
26.4233
26.2467
26.3557
40.4449
52.1136
74.9068
167.468
172.894
115.237
115.624
173.769
182.696
175.52
158.98
154.644
48.9272
48.0125
35.8482
35.9924
28.5265
27.398
23.2025
23.1056
22.6708
21.9423
21.047
20.5628
21.9257
46.5733
44.9456
67.0636
66.9336
67.1032
67.2935
39.3976
39.615
38.6133
37.3935
35.334
23.1102
23.0042
22.766
22.6602
22.4864
22.3075
21.8643
21.1506
20.9331
20.6181
20.0768
20.1573
20.5123
32.7687
35.7925
60.7205
60.8352
61.0189
60.7817
36.0245
35.8949
36.1838
34.8334
32.5443
19.8954
19.8772
20.1113
20.2332
19.9721
19.7434
19.542
18.9686
18.8819
19.0697
19.2185
19.3048
19.3301
31.1111
34.2271
58.0934
58.3894
59.7986
59.7489
37.0974
37.7672
36.8096
36.4098
35.7615
23.6605
23.4626
22.9988
22.3808
21.8656
21.7478
24.2521
23.9691
23.6374
22.9903
22.1345
21.7509
40.5337
54.0892
71.3998
163.029
168.856
111.531
113.35
171.816
177.658
172.113
159.814
155.169
48.9105
48.8049
36.4695
36.7368
28.1081
27.9309
27.237
26.626
25.1973
24.4597
24.3936
23.4151
39.0287
52.0723
73.9505
169.308
178.006
125.484
132.206
197.051
202.065
194.076
172.095
163.197
54.0465
51.8706
38.2571
37.6655
30.0478
29.4246
29.0438
28.4653
27.3051
26.3966
26.22
26.5161
39.5896
53.5875
77.5796
172.694
184.281
135.984
140.315
200.908
205.53
197.871
172.04
161.589
52.552
50.3256
36.7121
36.2936
29.9779
29.4128
28.2944
27.3428
26.5014
25.9062
25.1273
24.8415
38.3065
51.0483
74.4004
168.689
177.451
127.283
137.878
197.18
199.961
190.481
169.745
161.547
52.0885
51.6636
39.3102
38.9808
32.5269
31.5607
27.6119
27.4354
26.5175
26.0198
24.006
22.7055
22.7143
46.609
46.3269
70.3972
75.386
83.4778
90.2011
53.0997
57.6118
56.759
51.266
45.3844
31.1831
29.1331
28.0559
27.9793
28.106
27.8838
27.4972
26.977
26.5441
26.9368
28.7594
32.1896
35.4553
48.822
50.5112
73.1767
72.1472
72.5604
70.4936
45.9405
47.5084
46.6614
45.1633
43.9111
32.1508
32.6474
33.1765
33.2358
32.8582
32.0793
34.8243
34.456
33.1337
31.8809
30.7595
30.1858
44.6919
57.9745
79.3292
173.131
182.106
130.409
132.341
190.35
193.358
181.031
162.504
157.951
52.3891
52.2377
39.2792
38.6419
30.8789
31.0268
30.8473
30.684
30.6914
30.7351
30.7988
30.8754
42.9261
56.2834
78.769
169.364
171.904
111.201
111.695
170.058
175.519
169.296
158.262
156.246
51.0258
50.7815
37.5542
36.9113
29.3041
28.9968
28.827
29.4203
29.3495
28.5261
28.2063
27.8329
41.5082
55.2331
76.9191
167.362
170.613
111.136
112.207
171.561
174.958
172.875
160.6
154.759
48.4922
47.6878
35.0856
34.4884
26.0366
26.1331
26.2248
26.2196
25.6537
25.2731
25.5965
25.8748
39.8584
52.4157
73.202
163.74
167.254
107.088
106.092
165.241
172.366
167.358
153.976
150.46
45.1704
44.0277
31.2751
30.8774
23.3842
24.1682
24.2889
23.9378
23.3318
23.4185
23.1545
22.9716
37.6674
49.7405
70.4209
162.223
167.001
109.196
110.314
170.418
173.753
167.052
155.385
151.557
45.4546
44.5153
31.4724
30.9782
21.9774
21.5867
18.8812
19.0529
18.9343
18.5391
18.2208
17.964
18.1572
43.8152
41.9422
63.3469
64.668
67.5978
68.2541
37.0075
37.4239
36.804
36.3329
35.7047
23.83
24.1476
23.8859
23.3073
22.8864
22.3588
22.2065
21.8781
21.6476
22.1298
22.4832
22.5128
22.5038
34.3149
36.2215
62.3579
64.7895
66.2223
66.5169
43.854
43.6693
41.695
41.6053
40.7167
27.9825
27.1145
26.3446
24.9738
24.3869
23.9011
26.1898
25.2015
23.9848
23.5012
23.2372
22.7005
38.5842
52.3527
74.0246
168.185
174.564
119.148
124.702
188.35
197.741
191.979
172.499
164.095
54.0364
51.1045
36.9144
35.2576
26.8285
25.7405
24.3471
23.5598
23.0245
22.8272
22.5785
23.4751
38.9256
51.8039
74.163
168.338
176.799
124.376
132.612
197.471
204.273
199.791
173.171
161.82
51.9409
48.9992
34.6878
34.1374
26.6435
26.5541
25.3075
23.9457
24.1988
23.8395
22.6387
21.8404
36.5643
49.285
72.6783
168.458
177.511
125.538
132.938
195.677
198.955
185.235
165.582
158.377
49.7813
47.7004
33.4961
32.6342
25.2907
25.1505
24.0024
22.7728
21.8935
21.0913
20.4954
20.4489
36.3059
48.6053
70.1488
165.32
173.146
117.763
123.09
187.116
195.313
181.549
162.023
156.1
47.4772
44.6484
31.1047
31.5259
23.2913
22.0475
20.6525
19.9886
20.0744
20.1841
20.2991
20.4196
35.8585
47.773
66.5522
161.219
170.146
114.369
116.029
175.795
181.052
171.687
157.595
153.143
45.3092
43.8719
31.081
30.5364
22.3483
21.7269
18.5218
18.6569
18.3907
18.0946
18.1915
18.5506
18.6838
42.1877
39.6687
61.0061
61.5811
64.9416
66.7875
36.7083
38.0709
36.9232
35.4018
33.303
20.5181
20.384
20.6935
21.4003
21.0295
20.2714
21.6901
21.9422
22.1248
22.9032
23.166
23.1775
23.8592
36.2447
39.466
65.3486
67.3484
69.8813
71.5388
48.7976
47.5616
45.2435
43.9599
41.2585
28.0796
26.7532
26.2615
26.0567
25.9278
25.1294
27.0718
26.4162
27.3412
26.2743
24.952
24.4278
23.3069
39.9065
53.3747
74.9926
168.755
173.944
116.083
114.165
171.288
171.568
165.349
153.688
150.868
46.148
46.2029
32.8559
33.2119
23.7281
23.7925
24.3815
24.2726
24.0031
23.9638
23.5829
23.7615
39.5651
51.1408
71.3594
164.126
170.173
112.059
112.729
170.847
172.853
165.768
154.028
150.245
44.2842
44.2813
31.2806
31.4622
22.3931
22.2283
22.0399
21.8149
21.7985
21.9692
22.113
22.1621
40.3837
49.805
70.7645
162.544
169.088
111.924
112.663
170.64
172.846
165.254
153.43
149.64
43.4795
43.3505
30.7602
30.6323
21.0968
21.3196
21.5362
21.708
21.7756
21.8979
22.2163
22.4708
41.2174
50.1495
69.6338
163.805
170.558
112.913
113.728
172.547
174.477
165.678
154.652
151.092
44.5005
44.1978
31.088
31.3582
21.9684
21.4291
21.4652
21.6313
21.7589
21.9054
22.0319
22.1502
39.711
50.2858
69.7565
162.94
170.136
112.881
111.021
168.569
171.663
163.936
153.61
151.805
46.1513
45.0941
31.9415
32.407
22.9495
21.9406
18.6372
18.8799
19.6527
20.3052
21.599
22.3539
22.1787
46.9314
43.5814
65.2093
66.221
69.8585
71.3193
40.0617
39.9785
38.3789
37.1757
35.9709
24.3536
24.1405
23.3607
22.6784
22.5245
22.6013
22.6002
22.5657
22.4065
21.7606
21.5547
21.6614
21.3347
33.3299
35.5546
59.0865
60.079
60.9698
60.0248
36.3325
36.2073
35.9401
35.9044
34.7473
22.6039
23.0582
23.3398
23.3559
23.4666
23.7404
26.6776
26.6526
26.6303
26.268
26.0052
26.4167
42.9669
56.3175
73.6527
161.885
163.769
103.154
101.406
158.964
163.782
160.581
153.756
152.737
47.2822
47.8819
34.981
34.9491
24.2531
24.4088
25.1854
25.3221
23.2837
21.9614
22.3357
23.2373
40.7069
54.5619
71.9154
160.066
164.608
104.586
103.764
162.017
165.156
159.506
150.899
149.214
44.7194
45.4129
32.8248
32.7946
22.6174
21.7848
18.7195
19.1714
19.4529
19.5556
19.7733
19.7818
19.772
31.1996
33.8764
58.7669
59.7325
61.522
61.0731
36.4653
35.6188
35.0412
34.3699
33.2989
20.7637
20.6336
20.4176
19.9187
19.9808
20.2413
22.9416
23.0213
23.106
23.4498
23.5962
23.9398
44.1801
53.7782
69.4623
162.269
168.605
111.419
112.558
172.012
174.288
165.526
153.138
149.358
44.0701
44.6965
31.777
31.6378
21.4596
21.6585
21.8871
22.0544
22.2585
22.5426
23.1895
23.5093
43.6239
52.0837
69.6966
166.147
174.993
118.857
120.72
177.659
177.096
167.263
155.054
151.128
44.7502
44.9625
32.2021
32.2811
22.312
21.407
18.7971
19.0554
19.3733
19.6631
19.8852
20.001
19.9188
46.801
42.6384
67.1766
70.973
73.7481
75.0484
42.3595
40.9338
39.0437
37.4718
36.0323
22.9795
23.1712
23.056
20.7487
19.8555
20.0736
20.4572
20.0561
20.0632
20.2647
20.3436
20.5144
20.5045
31.9476
37.2124
64.834
68.2368
71.6
71.5985
47.7755
47.1801
45.0811
42.4215
40.2705
27.027
26.1397
25.239
24.2833
22.7782
21.809
23.9077
22.6826
22.9803
22.9723
23.1746
23.3402
42.3668
53.7588
75.6702
170.329
177.754
122.263
124.716
183.751
187.296
173.802
160.129
154.428
47.4908
46.7106
32.6787
32.3845
23.9738
24.6546
24.4153
23.6573
23.5362
23.4996
22.3473
22.2863
39.7654
51.5534
75.1205
170.776
178.209
121.526
124.213
183.903
189.216
175.861
160.447
154.741
47.8942
46.8778
33.0543
31.895
22.3196
21.4783
21.5242
21.6912
21.8959
21.9837
22.1132
22.1553
40.4424
50.6853
73.7948
171.719
182.537
129.614
132.112
194.12
200.716
185.608
164.172
156.62
48.9525
47.2118
33.1927
31.5832
22.8351
24.5308
25.0776
24.2464
23.411
23.0209
22.3867
22.0361
38.6403
49.633
73.9375
170.574
179.857
125.807
129.738
187.884
190.707
175.624
159.902
154.44
46.9826
45.0416
32.0696
31.2675
21.8516
21.7137
22.3136
23.8485
24.7704
24.6898
24.0634
23.3532
38.0865
49.648
76.0243
173.647
184.48
129.89
134.072
193.565
196.686
181.278
162.112
156.492
49.2404
47.8892
34.8522
34.6944
26.4526
24.6159
20.715
21.0101
20.2202
19.5558
20.3513
20.8875
20.6862
45.7159
45.3785
70.6721
73.3769
76.6934
77.1258
44.2329
44.9733
41.3698
39.9721
38.8258
26.1399
25.3027
24.1105
24.1898
23.6928
23.6823
23.969
23.8072
23.4255
23.1556
22.5139
22.1023
22.5603
35.5552
39.6429
65.8862
67.2984
69.3068
70.2621
45.988
43.5842
41.6587
40.6606
38.0811
25.2209
24.4821
23.4682
23.2519
23.5953
23.0324
24.091
22.8888
22.7743
23.0222
23.3446
23.0727
40.4911
53.9956
73.9183
165.861
168.219
107.575
108.97
169.062
174.211
166.896
155.125
152.21
47.0811
47.6725
35.5596
35.9729
25.4782
23.8957
23.2636
22.9708
22.6607
22.3133
22.2518
22.4675
40.9879
51.0327
70.4834
165.311
172.736
115.62
116.679
174.368
177.92
168.84
155.52
151.685
44.9929
44.688
31.9182
31.5858
21.4131
21.4191
21.7827
21.9669
21.907
21.867
21.9217
21.9914
38.423
50.0814
68.3572
158.734
166.168
109.893
111.087
167.908
170.352
163.448
152.382
149.721
45.437
46.2317
34.0239
33.518
24.9588
24.9629
22.1415
21.6994
21.4941
21.059
19.6657
19.2925
19.4822
31.4884
34.8761
59.5659
60.8098
61.567
60.7062
36.7453
35.5694
34.2442
33.7213
32.7291
20.778
20.2946
19.9056
20.1286
20.6082
20.8437
23.7262
23.7015
23.6162
23.3033
25.0017
29.5702
51.0967
59.9973
69.7772
160.747
167.965
110.837
111.115
170.04
172.541
165.396
154.27
150.743
44.1425
44.6782
32.2636
31.7345
21.4251
21.7852
20.1703
20.4015
21.6255
25.006
27.4929
28.7784
27.6015
49.611
43.3445
64.7573
66.2685
67.6721
68.0335
36.7417
36.7426
34.5213
33.1012
31.7555
19.1903
19.5318
19.9534
20.2037
20.6034
22.5738
25.2866
27.9467
27.9845
29.129
30.1088
30.2156
30.1405
36.4873
33.6411
57.5362
58.8939
60.1478
60.3305
36.2301
35.2385
33.8383
33.0431
31.8703
19.9249
19.7847
20.1713
20.4765
20.5934
20.8232
23.4605
23.4841
23.4953
23.3859
23.5081
23.5234
43.1383
54.1605
69.2286
160.569
166.541
109.688
111.582
169.583
171.043
163.938
153.007
149.435
43.5508
43.918
31.437
32.4582
21.7344
22.6479
26.1013
28.7626
32.6575
35.3201
36.7349
38.7551
59.9353
65.1376
75.9763
159.897
164.305
107.262
108.444
167.123
169.512
162.49
150.831
147.772
43.0124
45.5776
36.7495
40.5143
29.3403
31.0718
33.319
35.0121
35.8791
37.386
38.8661
39.5514
58.5992
61.9881
71.1696
159.928
165.268
107.912
108.959
168.553
171.565
164.778
152.751
147.997
42.8054
43.7741
32.9847
36.2487
26.3166
32.232
35.2788
34.8331
37.0493
39.8494
40.5985
40.8007
62.9067
64.1199
71.0814
160.682
168.122
110.825
111.403
170.628
173.662
165.912
153.827
148.506
42.7277
43.5963
31.8514
33.8593
26.2666
26.4271
29.4203
35.2056
37.2221
37.9968
38.1837
38.9609
57.8424
63.1873
72.7649
159.622
163.639
102.664
99.4899
156.296
159.523
156.136
149.088
147.959
43.2813
44.3098
32.4446
33.216
23.0386
23.3151
21.2164
22.558
24.5287
25.7274
26.479
26.3058
26.5654
52.9383
48.5527
70.1781
68.4145
69.2939
68.9675
34.0162
34.9651
36.1806
37.3018
36.5917
25.1082
28.0734
30.6595
31.8871
32.9439
33.5218
33.8243
34.9524
36.0252
37.0018
37.5645
37.0106
37.1367
46.3607
45.3419
62.3197
58.5359
57.5695
55.9911
32.5
32.3931
32.403
33.2239
33.0471
21.688
22.0004
22.7835
23.6785
23.4728
23.7789
26.2364
27.1069
27.5385
27.4371
27.4263
28.1584
49.8824
59.3663
72.3367
158.691
160.14
99.3884
98.4361
156.718
160.687
158.424
150.74
149.755
46.3489
48.6728
37.5389
40.6191
26.118
26.3829
25.6777
25.3681
25.7105
25.307
25.5118
25.5262
45.6935
56.6174
71.1274
158.571
160.318
100.791
102.661
161.653
164.564
158.788
150.525
148.856
44.4178
45.0918
33.5331
34.76
22.9452
23.2708
24.7284
25.8149
27.224
29.7213
31.0496
31.3752
49.461
56.343
69.8525
159.894
165.942
108.621
109.269
168.767
173.012
167.3
155.685
150.742
43.752
43.8569
31.9844
32.9087
22.6487
22.8843
23.0565
23.1905
23.3707
24.4547
26.1549
27.6284
46.4468
54.3179
74.572
168.452
175.894
120.6
124.057
185.855
196.673
179.637
161.653
156.41
50.2812
49.4839
36.7846
36.5782
27.8453
27.3341
26.7387
25.7853
26.5922
26.8013
25.515
25.1358
41.2125
52.917
75.7722
171.662
180.179
125.721
129.377
191.205
193.859
177.455
161.722
156.065
49.2029
47.5489
34.1124
33.4372
23.1228
22.824
20.1455
20.4207
20.5438
20.6489
20.7964
20.9261
21.0198
47.2997
45.6308
64.5357
62.5136
61.3135
61.544
33.5068
35.7487
35.7198
34.6785
32.7122
20.4787
21.0949
21.3938
21.4537
21.5613
21.6312
21.6907
21.4238
21.3451
21.3984
21.5892
21.7995
21.7056
33.3578
34.6738
57.7116
58.3803
59.8295
60.1397
36.8066
36.2812
35.2044
34.7045
33.6692
21.3737
21.1598
21.6717
21.8754
22.091
22.5389
24.9481
25.0347
25.2066
25.1393
25.2479
25.0536
44.155
55.8372
74.0152
168.682
175.916
120.133
122.692
182.923
191.133
176.087
159.546
154.159
47.295
46.5882
33.2811
33.0711
23.1647
23.5572
23.422
23.3895
23.5418
23.8572
24.178
24.4042
43.4241
53.9622
70.7394
167.095
176.357
120.009
121.726
177.736
180.89
171.889
158.504
153.406
46.2638
45.3308
32.181
33.0168
23.0746
22.9063
23.0699
23.2266
23.4878
24.9946
27.183
26.34
44.6814
55.3168
69.8513
165.585
174.676
118.456
119.329
176.348
180.156
170.633
158.119
154.251
47.3045
45.5553
32.0112
31.7428
22.7209
22.9243
23.2108
24.6273
26.6382
30.2215
33.9782
35.5122
51.6312
58.6107
69.7966
163.547
172.329
116.147
117.444
177.488
182.596
173.358
159.324
152.812
45.0924
43.9281
31.0872
31.8167
22.6817
23.0378
23.4232
23.5466
23.9262
25.2246
27.9391
30.7371
48.7361
57.693
69.785
165.842
176.526
120.07
123.983
185.147
192.344
179.218
161.678
154.696
46.264
44.7156
31.6183
31.3358
22.4686
22.7908
20.9407
21.971
21.3221
20.7518
21.0982
21.0912
21.2228
47.6507
44.8404
69.6813
72.5137
75.8217
76.606
44.4757
45.4486
43.4205
41.0575
37.5468
23.564
22.6889
21.8798
21.7771
22.2462
22.4408
22.18
21.4234
21.851
21.8165
22.2911
24.4925
23.1546
33.763
35.7083
61.2627
62.3622
63.9322
64.2783
40.8545
40.2227
38.565
37.0871
34.6194
22.0506
21.8055
21.4848
21.6087
21.8013
21.6285
24.3546
24.2353
24.2676
24.3584
24.5456
24.5089
42.3551
54.7285
70.5418
161.988
167.793
110.479
111.177
168.249
169.42
162.439
151.634
148.744
43.4042
44.8625
33.1804
34.2988
23.1038
23.1777
23.4827
25.0442
27.124
28.415
28.8274
29.1119
46.8767
57.3204
70.0793
158.584
162.922
104.427
104.882
164.099
168.953
164.281
153.515
149.174
43.0375
44.1646
32.5671
33.386
23.5367
26.8854
28.9825
31.964
35.6522
37.627
37.568
38.5852
58.5163
62.9591
72.8491
160.38
168.055
111.067
111.781
170.015
172.451
165.029
153.489
149.528
43.7573
43.939
31.763
32.7547
24.6689
26.6669
29.2458
31.6369
34.4021
37.0904
38.793
39.3733
59.0807
64.5558
73.6921
160.127
167.179
110.346
110.969
169.651
172.001
164.299
152.822
148.292
42.7112
43.6584
33.1409
36.4077
25.5961
27.5805
28.6617
29.9983
30.0487
30.8717
31.7295
33.1689
33.9904
43.8985
36.9982
57.4391
58.9864
61.5032
61.8727
38.416
37.5928
34.823
33.2548
31.9805
20.643
21.1396
21.5415
21.9987
23.9095
24.4858
24.7781
28.1594
30.7381
31.3878
31.5097
30.961
31.2106
58.0652
49.9445
69.5848
65.0591
63.0256
61.2833
32.1206
33.2148
33.4399
33.304
32.8626
21.4557
21.7437
21.7945
21.8997
22.1189
22.1999
22.2907
22.3978
22.9486
23.4323
23.4376
23.5308
23.6282
35.195
36.2115
58.3605
58.7135
59.4477
58.5511
35.5688
35.996
35.6112
35.3379
34.0201
21.9485
22.3522
22.6799
22.3945
23.0894
23.4992
25.8118
26.1608
27.4008
27.7184
27.6521
28.1707
48.978
60.1304
75.2624
159.428
160.514
100.632
100.363
157.717
161.625
158.841
150.948
149.953
46.6778
47.9976
35.881
37.1787
23.5193
23.6556
23.8843
24.0029
23.879
24.0998
24.1078
24.6321
44.8486
57.9475
72.5402
158.861
160.454
100.725
99.3728
157.075
159.775
156.978
149.348
148.15
44.056
45.9798
34.1952
34.6929
22.7969
22.9806
23.3629
23.9484
24.5609
25.067
26.2714
27.8034
47.4046
59.0504
71.1806
159.554
163.266
103.959
101.02
158.722
161.282
156.736
149.041
148.069
43.6147
45.2746
33.2775
34.3558
22.968
22.8675
23.12
23.5066
23.9612
24.7165
26.5275
27.905
46.9091
59.3527
75.0702
159.88
160.807
99.217
98.1619
156.036
159.849
157.247
149.377
148.093
43.8496
46.8019
36.1291
36.3091
23.2513
24.9283

