"E+ Electric Use (kWh) - BEMCmpMgr 2025.2.1.1 (890)",1
"Thu 21-May-26  12:28:29 pm"
"EplusElecUse",Hour
"EplusTotalKWH"
6.28385
7.35338
7.88907
8.36281
9.12924
9.13923
9.18143
9.31172
7.68523
4.15669
2.33401
2.29448
2.29291
2.29084
2.29268
2.29532
2.42725
2.47908
2.57823
2.87568
2.87238
2.47578
3.72302
5.72448
6.63948
6.59995
7.00218
7.39973
7.67146
26.8829
20.8508
22.5015
28.6999
26.9794
26.551
26.4593
26.5584
26.6399
27.0028
27.7119
29.2451
22.1483
20.4057
20.5716
19.3432
19.8308
18.6735
18.2592
2.87238
2.87238
2.87238
3.31301
5.33753
26.6642
21.887
20.6257
21.9604
20.4464
18.7193
16.8961
13.686
12.8783
12.6648
12.7932
13.6094
12.4916
13.4804
2.47908
2.57823
2.87568
2.87568
3.1646
4.0225
5.88683
7.22881
8.08657
8.64888
9.19743
9.0889
8.98734
7.50695
2.82952
2.29381
2.29527
2.29475
2.29417
2.29441
2.29466
2.41698
2.47908
2.47908
2.47908
2.47578
2.47578
2.57493
2.87238
2.87238
4.11135
5.78322
7.08438
7.74855
28.741
22.5672
23.4083
28.0125
26.2847
26.1644
26.2721
26.3199
26.9341
27.4328
27.7721
28.6917
19.7762
15.9685
16.0789
14.5707
15.1384
14.1404
14.0165
2.47578
2.47578
2.47578
2.47578
2.81334
23.7612
18.534
20.0521
26.4556
26.1763
26.5097
27.5311
27.6718
29.8437
30.3549
30.3323
29.2967
19.7975
15.9893
16.3232
14.469
14.6166
12.7431
12.2229
2.47578
2.47578
2.47578
2.47578
2.47908
21.7408
18.123
20.0729
26.5499
26.1691
26.1645
26.2718
26.3221
26.4901
26.5894
26.6003
28.0298
19.7315
16.5779
17.3168
15.9327
16.556
14.9702
14.1713
2.47578
2.47578
2.47578
2.47578
2.47908
22.7613
17.8973
19.3427
26.564
26.26
26.1405
26.2319
26.2543
26.3397
26.4089
26.4129
27.8892
19.6736
16.4916
16.9002
15.1329
15.7189
14.7106
14.1219
2.47578
2.47578
2.47578
2.47578
2.47908
22.5289
18.0031
19.7782
26.5291
26.2043
26.158
26.2425
26.3349
26.4706
26.563
26.5975
27.9754
19.7288
16.5505
17.2383
15.7482
16.7338
16.1488
15.9995
2.87238
2.87238
2.87238
3.20664
3.4948
25.2115
21.3563
19.7219
19.784
16.5511
15.0431
14.8304
11.7116
11.7954
11.8812
11.9045
12.1754
10.3342
11.4169
2.47908
2.47908
2.47908
2.47908
2.47908
2.47578
2.81004
3.91542
4.64815
5.6621
6.82711
6.97361
7.05356
6.4072
2.66392
2.2899
2.28964
2.2898
2.29145
2.29507
2.29897
2.42275
2.47908
2.47908
2.47908
2.47578
2.47578
2.47578
2.47578
2.47578
4.08288
4.45992
5.75205
6.54229
27.0892
20.9464
21.4342
26.6329
26.1889
26.366
27.6085
29.0738
32.0735
31.2332
29.8915
30.0552
19.8643
16.009
16.0796
14.4331
14.7424
13.1782
12.7704
2.47578
2.47578
2.47578
2.47578
2.47908
22.7614
18.03
19.4509
26.3267
26.2371
29.009
34.0079
35.129
37.0372
36.9182
33.6108
31.9219
19.8839
16.0313
15.9484
13.7943
14.2765
12.4596
11.805
2.47578
2.47578
2.47578
2.47578
2.47908
22.3252
18.1911
19.6186
26.2881
26.331
30.4733
34.9346
36.3173
38.7337
38.9494
38.1136
37.5148
21.1283
16.1101
16.0121
13.4914
13.9332
12.4345
12.0096
2.47578
2.47578
2.47578
2.47578
2.47908
22.273
18.0343
19.5507
26.3174
27.51
33.0055
36.1418
37.289
39.7045
39.1656
37.8054
37.3186
21.1181
16.104
16.0064
13.4906
13.8823
12.1863
11.7
2.47578
2.47578
2.47578
2.47578
2.47908
21.4652
17.6644
19.3144
26.2751
26.4899
31.735
35.0296
35.7724
37.7987
38.1616
37.8678
37.7085
24.9942
16.1547
16.0428
13.5224
13.4884
11.6851
11.2051
2.47578
2.47578
2.47578
2.47578
2.47578
18.4701
15.8952
14.8864
15.5513
14.9998
19.6754
24.0608
22.128
23.3663
23.1266
21.7525
20.3403
13.2412
9.91156
2.47908
2.47908
2.47908
2.47908
2.47908
2.47578
2.47578
2.47578
2.47578
2.47578
2.47908
2.47908
2.3929
2.29665
2.33674
2.44512
2.49334
2.53296
3.22529
5.49323
6.22406
6.51588
3.39425
2.47908
2.47908
2.47578
2.47578
2.47578
2.47578
2.47578
2.47578
2.47578
2.47578
2.47578
2.47908
2.47908
2.38464
2.29496
2.29109
2.29086
2.29403
2.29347
2.29235
2.84259
3.24479
2.7786
2.47908
2.47908
2.47908
2.47578
2.47578
2.47578
2.47578
2.47578
2.47578
2.47578
2.47578
2.47908
21.8739
17.9985
19.5371
26.3666
26.2041
27.8165
31.8278
34.992
37.3987
37.9855
37.4404
37.5023
23.054
16.1101
16.001
13.6352
14.4012
12.9805
13.035
2.47578
2.47578
2.57493
2.87238
3.20993
24.1552
18.962
19.5041
26.3268
26.2443
28.1389
32.7955
35.1198
37.2008
37.2807
34.2157
30.8929
19.9039
16.0504
15.9677
14.2664
14.8674
13.6868
13.6121
2.47578
2.47578
2.57493
2.87238
3.20993
25.2509
20.3191
21.3906
26.551
26.1803
26.4605
27.6966
29.3084
32.5612
34.3541
32.3016
28.6352
19.8794
16.0126
16.0654
14.5845
15.1305
13.7853
13.2768
2.47578
2.47578
2.47578
2.57493
3.20993
24.5377
20.1569
21.4207
26.6366
26.1798
29.0555
34.2957
35.357
37.5459
37.9634
37.3849
34.9031
20.1583
16.0649
15.9611
14.1228
14.6892
13.0378
12.492
2.47578
2.47578
2.57493
2.87238
3.20664
24.0714
20.5582
18.1182
16.8913
14.8635
15.1947
18.115
16.0861
17.2463
17.3202
12.8611
12.0244
9.8974
10.1379
2.47908
2.47908
2.47908
2.47908
2.47908
2.47578
2.47578
2.57493
3.57436
4.47578
5.98102
6.63726
6.73251
4.36473
2.29017
2.29109
2.3442
2.46366
2.50764
3.21795
4.32055
3.51746
2.47908
2.47908
2.47908
2.47578
2.47578
2.47578
2.47578
2.47578
2.47578
2.57493
2.87238
3.20993
24.9009
19.9161
20.5317
26.429
26.149
27.5124
32.0106
34.3229
36.5899
37.3145
37.1777
36.1409
21.11
16.1074
16.0105
13.5368
14.1772
12.817
12.8714
2.47578
2.47578
2.57493
2.87238
3.20993
25.43
20.4154
20.9141
26.3787
26.2267
29.4013
34.2764
35.3257
37.4084
37.7396
37.1341
34.3777
20.2116
16.0738
15.9647
14.0185
14.7186
12.9589
12.9936
2.47578
2.47578
2.57493
2.47578
2.57823
24.086
19.5314
20.0044
26.3136
26.2333
29.1404
34.1298
35.1593
37.1408
37.3164
34.0029
30.6633
19.9135
16.045
16.0116
14.4786
15.1506
14.0929
14.1224
2.47578
2.57493
2.87238
2.87238
3.55178
26.1103
21.6061
22.5815
27.0994
26.1828
26.2188
26.6026
27.3891
29.2839
28.4953
27.2503
26.8503
19.6821
16.0643
16.5716
14.8254
15.0526
13.5209
12.8283
2.47578
2.47578
2.47578
2.47578
2.47908
19.483
16.1197
18.227
26.4178
26.2936
26.3911
26.2209
26.3679
26.295
26.3276
26.3444
26.7198
19.6554
16.681
17.2326
15.9059
16.9629
15.9166
15.7153
2.87238
2.87238
2.87238
3.20664
4.45425
26.102
21.9965
19.2572
18.1194
15.7784
14.8237
14.8224
11.7598
11.8673
11.935
11.9532
11.9452
9.99242
11.0765
2.47908
2.47908
2.47908
2.47908
2.47908
3.4327
3.86611
5.02941
6.572
7.50742
8.75968
8.67788
9.09864
5.85024
3.24134
2.95151
2.95258
2.95198
2.95119
2.95102
2.95189
2.96543
3.12271
3.13855
3.13855
3.13526
3.13526
3.13526
3.13526
3.13526
3.13526
3.13526
3.23441
4.40998
26.1802
21.9269
22.414
27.6836
26.9742
26.8327
26.8414
26.9116
27.0547
27.1733
27.2202
27.3392
20.2937
17.6565
18.4091
17.3185
17.9276
16.3064
15.4199
3.13526
3.23441
3.53185
3.53185
3.53515
25.597
20.7233
22.5673
29.4305
28.0785
27.0907
26.8556
26.8985
26.9022
26.9547
27.0578
27.2226
20.3113
17.7368
18.2542
17.205
18.504
17.6309
17.6656
3.53185
3.53185
3.53185
5.0251
6.67849
27.0754
21.9592
22.1721
27.2807
26.843
26.8665
27.0066
27.3509
27.8281
27.7416
27.3896
27.3851
20.3219
17.0405
17.9046
16.6207
17.3815
16.469
16.7419
3.53185
3.53185
3.71082
4.99937
6.97193
30.2404
24.433
24.3795
28.6676
26.9361
26.8593
26.9955
27.1705
27.7661
27.7657
27.3327
27.3709
20.3156
17.165
18.1246
17.0417
18.4569
17.7245
17.7213
3.53185
3.53185
3.86611
4.93631
7.1791
30.2756
24.3116
24.3875
29.2253
26.9444
26.8094
26.9566
27.1622
27.882
27.6979
27.2637
27.3006
20.2899
17.2122
18.0728
16.7739
17.5813
16.4954
16.6259
3.53185
3.53185
3.53185
4.21227
6.71832
28.292
23.3417
20.5217
19.2537
16.3208
15.4735
15.514
12.7315
13.1517
12.736
12.6464
12.5997
10.5998
11.4021
3.13855
3.13855
3.13855
3.13855
3.13855
3.13526
3.13526
3.6514
5.0087
6.35965
7.14626
7.61022
7.6969
3.94409
2.95099
2.95234
3.07773
3.27062
3.30412
4.04962
4.25771
3.86153
3.12027
3.13855
3.13855
3.13526
3.13526
3.13526
3.13526
3.13526
3.13526
3.13526
3.13526
3.13855
23.0056
18.4835
19.006
26.8779
28.5374
33.9918
37.359
38.4543
41.1198
41.4247
40.2757
38.3075
24.3468
16.8015
16.6747
14.1658
14.4479
12.8704
12.2765
3.13526
3.13526
3.13526
3.13526
3.13855
22.824
19.3324
19.4571
26.839
28.4125
33.8119
36.9626
38.0639
40.2453
40.1673
39.0491
35.4809
20.8035
16.7337
16.631
14.5287
15.2062
13.8276
13.6826
3.13526
3.13526
3.13526
3.13526
3.13855
24.49
19.4474
19.9787
26.8862
27.258
31.795
36.2443
37.3158
38.3281
38.6493
38.7279
35.8212
21.0792
16.7607
16.6562
14.3006
14.9513
13.3682
13.2553
3.13526
3.13526
3.13526
3.13526
3.13855
23.9711
19.0319
19.4075
26.8499
28.4513
34.3323
37.724
38.9152
41.0452
40.2913
39.1507
33.3264
20.5195
16.7286
16.624
14.7389
15.2552
13.7493
13.6186
3.13526
3.13526
3.13526
3.13526
3.2377
24.188
19.4359
20.2622
27.1349
26.8645
26.8039
26.8371
26.8658
26.972
27.0561
27.0976
27.344
20.2393
17.4542
17.8715
16.1069
16.6989
15.3715
14.7232
3.13526
3.13526
3.13526
3.13526
3.13526
22.5987
19.6083
18.6617
19.9481
18.3918
16.9336
15.6467
12.3627
12.3801
12.4178
12.4711
12.4953
10.7868
11.7795
3.13855
3.13855
3.13855
3.13855
3.13855
3.13526
3.13526
3.65731
5.13111
5.23976
6.17452
6.25561
6.1398
3.1831
2.95119
2.95251
2.95377
2.95319
2.95248
3.50878
3.86614
3.85324
3.10955
3.13855
3.13855
3.13526
3.13526
3.13526
3.13526
3.13526
3.23441
3.53185
3.53185
4.43648
6.03671
6.87682
6.27352
3.39109
2.95014
2.95153
2.95266
2.95249
2.95223
2.95151
3.45375
3.18047
3.10853
3.13855
3.13855
3.13526
3.13526
3.13526
3.23441
3.53185
3.53185
3.53185
4.44001
5.05351
25.8476
19.4679
21.0082
27.4329
26.9293
26.8033
26.9504
27.3738
28.3375
28.2501
27.5119
27.2566
20.2267
16.9963
17.8111
16.3985
17.1477
16.209
15.8929
3.13526
3.23441
3.53185
3.53185
4.13509
25.3326
19.4996
20.0473
27.0338
26.8261
26.823
27.174
28.1941
28.7447
27.9968
27.234
27.5029
20.1782
17.0899
17.7549
16.1022
16.6557
15.304
14.6051
3.13526
3.13526
3.13526
3.13526
3.13855
21.2441
17.1421
18.6595
27.2215
27.0365
26.8542
26.8385
26.8637
26.9337
27.0049
27.0911
27.5309
20.2323
16.867
17.3703
15.6494
16.0454
14.6937
14.1648
3.13526
3.13526
3.13526
3.13526
3.13855
21.8042
17.9518
19.5183
27.0814
26.9685
26.8358
26.8762
26.871
26.9281
26.987
27.0548
27.1264
20.1047
17.1105
17.8269
16.1474
17.0282
16.5164
15.9299
3.13526
3.23441
3.13526
3.56866
4.49812
23.8368
19.4903
17.8726
18.1679
16.1105
15.472
15.4488
12.3479
12.3496
12.3554
12.3769
13.2151
12.0394
12.8287
3.13855
3.13855
3.2377
3.53515
3.53515
4.07166
4.54071
6.55086
7.01287
6.99799
7.50233
7.23028
6.30133
5.29337
3.45071
3.05837
2.95535
2.94841
2.94782
2.95366
2.95173
2.95398
3.09549
3.13855
3.13855
3.13526
3.13526
3.23441
4.73131
6.45551
7.57735
7.76702
8.70808
9.43307
30.2257
23.6582
23.1947
27.825
26.88
26.7895
26.9319
26.9721
27.0767
27.0757
27.0499
28.0149
20.3419
17.6761
17.9443
16.1587
16.7068
15.2118
14.796
3.13526
3.23441
3.53185
3.53185
4.51556
25.1488
20.1354
21.1924
27.4396
26.9425
26.8159
26.8493
26.9164
27.013
27.0577
27.1056
27.1429
20.0686
16.753
17.3134
15.8009
16.5583
15.7343
15.3193
3.13526
3.23441
3.53185
3.53185
4.45904
26.2308
21.4222
21.2818
27.0668
26.7884
26.8424
27.3
28.2673
30.2603
31.4596
29.7013
28.0349
20.2664
16.694
16.7656
15.368
15.995
14.979
14.7999
3.13526
3.13526
3.13526
3.23441
3.86941
26.2598
20.0956
19.355
26.8291
28.6391
34.2584
37.1294
38.3914
41.5204
42.0153
41.1145
39.2214
26.9679
17.0711
16.7363
14.1894
14.1466
12.3987
11.5859
3.13526
3.13526
3.13526
3.13526
3.13855
20.2005
16.6125
17.1784
26.8227
30.8395
35.5102
38.789
39.5914
41.6382
41.2789
40.0592
38.4457
24.6151
16.8074
16.6858
14.1541
14.5596
13.1224
12.8356
3.13526
3.13526
3.13526
3.13526
3.13526
21.8047
17.9123
15.5519
16.0242
15.4568
16.314
20.5696
18.4826
18.3662
13.7627
12.7321
12.6745
10.5573
10.9885
3.13855
3.13855
3.13855
3.13855
3.13855
3.79473
3.79473
3.79473
3.79473
5.43105
6.19481
6.71425
6.41988
3.82074
3.60899
3.61031
3.61165
3.61124
3.61023
3.77655
4.3456
4.44837
3.75071
3.79803
3.79803
3.79473
3.79473
3.79473
3.79473
3.89388
4.19133
4.19133
4.19133
5.90243
27.871
22.2109
21.2358
27.5601
27.4769
28.4788
31.0696
31.4804
32.072
30.6792
29.3208
28.1528
20.8414
17.3046
17.4044
15.6763
16.0454
14.3696
14.1509
3.79473
3.79473
3.79473
3.79473
3.79803
22.3241
18.0385
19.5044
27.6293
27.4711
27.5702
27.6292
27.5965
27.6949
27.7093
27.7483
28.1718
20.9173
17.4469
18.0594
16.6087
17.3721
16.7071
16.7216
4.19133
4.19133
4.19133
4.19133
5.22471
26.4949
21.0752
21.0776
27.6689
27.4537
27.4579
27.5346
27.5824
27.6398
27.6229
27.6887
28.6877
20.8787
17.9144
18.5012
17.0311
17.9741
17.0952
17.1646
4.19133
4.19133
4.19133
4.73114
5.88162
26.6868
21.9366
24.0716
31.085
28.8119
28.1169
27.6785
27.5767
27.4845
27.5564
27.5551
27.5612
20.9432
19.3853
20.5657
19.8093
20.7468
19.9515
19.7721
4.19133
4.19133
4.90892
7.0826
8.55804
30.1894
23.4333
23.29
28.5772
27.5337
27.4363
27.5001
27.6112
27.632
27.5607
27.6167
27.7119
20.589
18.1862
19.2594
18.5837
19.717
18.9587
18.9026
4.19133
4.19133
4.52559
5.59594
7.65426
29.7595
23.687
20.281
19.0734
17.0383
16.2395
16.1113
13.0939
13.5178
14.0417
14.1389
14.356
13.42
14.3811
3.79803
3.79803
3.79803
3.79803
3.79803
3.79473
3.79473
4.59907
5.65731
7.02458
7.78031
7.78967
7.56552
7.76272
7.03369
6.15806
4.62102
4.05495
3.60752
3.61055
3.61049
3.6092
3.73608
3.79803
3.79473
3.79473
3.79473
3.79473
4.75066
5.47729
7.16067
7.89885
8.36115
29.3846
23.363
24.5988
29.2917
27.6428
27.4357
27.4743
27.5391
28.3011
29.2548
29.1021
28.4112
19.89
16.9627
17.4043
15.9549
16.5531
15.7015
15.6729
3.79473
3.79473
3.99303
4.19133
4.62328
27.2854
22.4759
23.8681
28.5358
27.4996
27.4931
28.537
30.3332
35.5795
36.3676
35.4322
33.7926
20.7836
17.1374
17.3684
14.8449
15.4791
13.9285
13.7198
3.79473
3.79473
3.79473
3.79473
3.79803
22.9607
18.6994
20.2785
27.5921
27.4646
29.2437
36.3378
38.1958
41.5499
42.3053
41.6551
40.6141
28.3973
18.4813
17.4476
14.8777
14.8113
13.1652
12.6811
3.79473
3.79473
3.79473
3.79473
3.79803
22.4077
19.1414
20.6574
27.6105
27.4491
28.1389
31.6339
36.3153
39.8788
41.1169
41.5147
40.7197
22.5529
17.0905
17.3734
14.8248
14.8952
13.4846
13.0907
3.79473
3.79473
3.79473
3.79473
3.79803
20.2632
16.9609
19.0939
27.6048
27.4418
27.5394
28.915
30.4673
32.7077
33.9364
33.0605
30.4175
20.0307
17.038
17.3081
15.3843
15.9948
14.4197
14.2164
3.79473
3.79473
3.79473
3.79473
3.79473
23.2105
20.0336
19.0911
18.8171
16.55
16.1145
17.5209
18.5323
20.3978
20.9547
20.7608
16.6204
11.388
11.2239
3.79803
3.79803
3.79803
3.79803
3.79803
3.79473
3.79473
3.79473
3.79473
3.79473
3.79803
3.79803
3.71927
3.61655
3.60759
3.60868
3.61069
3.61123
3.73324
3.69265
4.47786
4.71262
4.20998
3.72549
3.79803
3.79473
3.79473
3.79473
3.79473
3.79473
3.79473
3.79473
3.79473
3.79803
18.4717
16.2011
18.5175
27.5493
27.4412
27.5553
28.8987
30.8249
33.6014
33.5007
32.5836
31.6487
20.0766
17.0269
17.3105
15.1534
15.5489
13.6641
12.9161
3.79473
3.79473
3.79473
3.79473
3.79803
19.3715
16.2161
18.3321
27.5032
27.4699
28.0093
30.5781
33.4606
37.3525
39.8249
38.3174
36.6333
22.4285
17.1137
17.4332
14.8707
14.8145
12.8238
12.1862
3.79473
3.79473
3.79473
3.79473
3.79803
19.7084
17.3204
19.2285
27.5327
27.4724
28.8102
34.7754
39.0319
42.3708
44.1053
43.7738
42.0157
29.0289
18.2762
17.4494
14.8703
14.809
12.9899
12.4637
3.79473
3.79473
3.79473
3.79473
3.79803
20.5719
17.5559
19.3776
27.5285
27.4938
29.3666
34.9139
38.9235
40.8394
38.3191
37.3573
35.4005
20.4008
17.047
17.3511
14.8739
15.5017
13.8891
13.5088
3.79473
3.79473
3.79473
3.79473
3.79803
20.7744
17.5658
19.2436
27.5381
27.461
27.9731
29.9738
32.2637
35.1747
35.9485
36.1539
35.6974
23.3153
17.327
17.4271
14.8756
14.8143
13.0071
12.265
3.79473
3.79473
3.79473
3.79473
3.79473
17.964
16.1066
15.0742
16.7535
16.1076
16.1155
16.4178
14.1382
18.4283
20.1704
20.311
16.7902
11.3367
11.1947
3.79803
3.79803
3.79803
3.79803
3.79803
3.79473
3.79473
3.79473
3.79473
3.79473
3.79803
4.89369
4.70098
3.6113
3.6101
3.61017
3.70882
4.05951
4.09626
4.81085
5.88463
5.59627
6.94104
4.78527
3.79803
3.79473
3.79473
3.79473
3.79473
3.79473
3.79473
3.79473
3.79473
3.79803
20.442
18.2091
19.5789
27.5391
27.4512
27.6123
29.1699
30.0604
33.3743
35.7023
36.0336
33.5044
20.2741
16.6587
17.3081
15.3315
15.9372
14.3778
14.1492
3.79473
3.79473
3.79473
3.79473
3.79803
23.5826
19.1692
20.1587
27.5743
27.4219
27.5091
28.3559
29.6737
32.4027
33.0535
31.2927
29.5811
19.9458
16.546
17.302
15.7126
16.2677
14.9816
14.8522
3.79473
3.79473
3.79473
3.79473
3.79803
24.2289
18.8355
20.1753
27.7283
27.4642
27.4623
28.0019
29.5456
31.0464
31.7275
32.1037
30.0131
19.973
16.5612
17.3024
15.6657
16.2135
14.8789
14.7908
3.79473
3.79473
3.79473
3.79473
3.89718
25.7833
20.1743
20.7162
27.6552
27.4757
27.5612
29.6091
31.5081
35.3679
35.8795
34.887
33.1918
20.2926
16.6251
17.3477
14.9738
15.6207
14.0866
13.762
3.79473
3.79473
3.79473
3.79473
3.79803
22.0048
17.7526
18.9172
27.5154
27.4228
27.5219
28.0845
29.2593
30.9714
32.4832
31.1632
29.5991
19.9338
16.4847
17.2889
15.3626
15.9396
14.092
13.4545
3.79473
3.79473
3.79473
3.79473
3.79473
19.9778
17.6377
16.5962
17.8928
16.6782
16.1141
16.108
13.0124
13.0126
13.0123
13.016
13.0498
10.9489
11.3656
3.79803
3.79803
3.79803
3.79803
3.79803
3.79473
3.79473
3.79473
3.79473
3.79473
4.22323
4.55842
4.4907
3.60908
3.60673
3.60643
3.6061
3.60632
3.60579
3.60625
3.60711
3.60837
3.60694
3.64444
3.79803
3.79473
3.79473
3.79473
3.79473
3.79473
3.79473
3.79473
3.79473
3.79803
23.2892
18.8749
19.7538
27.5281
27.4159
27.5168
29.0015
30.4076
32.9834
33.0951
32.7006
31.0012
20.0199
16.5279
17.3301
15.0453
15.7216
14.2051
13.8961
3.79473
3.79473
3.79473
3.79473
3.79803
24.6821
20.3863
20.3934
27.5133
30.9171
35.6768
38.5139
39.8049
42.8415
43.9941
44.2475
44.0972
31.6604
24.6099
21.8228
14.9821
14.917
12.3841
11.1937
4.45421
4.45421
4.45421
4.45421
4.45751
16.7698
15.9467
18.3677
28.1501
28.0959
28.3323
30.4957
31.2412
34.3055
35.3269
33.9421
30.9218
20.5713
17.122
17.9567
15.7274
16.1072
14.2356
13.5611
4.45421
4.45421
4.45421
4.45421
4.45751
19.7828
16.561
18.9221
28.3716
28.1626
28.197
28.7477
31.2262
34.838
35.5779
35.5333
33.8381
20.9102
17.1626
18.0233
15.4755
15.7298
14.0451
13.5883
4.45421
4.45421
4.45421
4.45421
4.45751
20.5954
16.999
18.4209
28.0982
28.1419
29.3219
33.1662
35.0395
36.9123
37.2072
36.2479
34.0269
21.1113
17.214
18.0286
15.5089
16.0564
14.5254
14.1862
4.45421
4.45421
4.45421
4.45421
4.45421
20.8137
18.0283
16.7053
18.1101
16.9172
16.7522
16.766
13.7808
14.3018
14.7068
14.798
14.0334
11.8208
11.7132
4.45751
4.45751
4.45751
4.45751
4.45751
4.45421
4.45421
4.45421
4.45421
4.45421
4.45751
4.41858
4.29137
4.27229
4.26847
4.26553
4.26492
4.26496
4.26516
4.82307
5.68903
6.28114
6.46508
5.42906
4.69365
4.45421
4.45421
4.45421
4.45421
4.45421
4.45421
4.45421
4.45421
4.45751
18.7058
16.7331
18.4464
28.0987
28.1517
29.4897
32.6005
33.78
36.3253
36.5189
36.7468
34.4033
20.9832
17.1707
18.0303
15.487
15.4655
13.6577
12.7937
4.45421
4.45421
4.45421
4.45421
4.45751
19.1726
16.1367
17.7416
28.1083
28.2276
31.1898
37.2154
40.4395
41.3574
38.1307
34.9293
33.8585
20.8876
17.1323
18.0208
15.4904
15.525
13.793
13.082
4.45421
4.45421
4.45421
4.45421
4.45751
20.6771
17.5955
18.6551
28.1054
28.4779
31.9101
38.0168
40.2961
42.7655
43.6765
43.302
42.2489
28.0929
18.0869
18.1103
15.5361
15.4736
13.4527
12.7988
4.45421
4.45421
4.45421
4.45421
4.45751
20.3623
17.1894
17.7652
29.6073
35.8307
40.1776
44.6686
46.9201
52.4337
53.5008
50.8725
48.9867
35.8259
27.856
26.0507
23.1272
22.5531
18.7846
11.844
4.45421
4.45421
4.45421
4.45421
4.45751
13.9383
13.6771
16.8222
31.5869
36.9718
40.7022
44.1921
45.2375
48.8143
48.5433
47.1462
46.1151
33.0909
25.8767
23.0554
15.6483
15.5743
13.0442
11.8487
4.45421
4.45421
4.45421
4.45421
4.45421
15.581
15.4167
13.8963
16.7707
18.4326
25.6237
28.0091
25.1825
26.136
27.1573
27.0207
25.9124
14.7599
11.8481
4.44156
4.45751
4.45751
4.45751
4.45751
4.45421
4.45421
4.45421
4.45421
4.45421
4.45751
4.38595
4.2713
4.26698
4.26709
4.26794
4.26894
4.26945
4.43619
6.40142
7.01934
7.21556
7.0936
5.80839
4.43975
4.45421
4.45421
4.45421
4.45421
4.45421
4.45421
4.45421
4.45421
4.45751
17.1399
16.0138
17.6685
28.0965
29.6109
35.1836
39.6653
40.7734
43.3268
43.3924
43.1113
42.5724
30.5125
23.8704
18.4201
15.5801
15.514
13.05
12.4111
4.45421
4.45421
4.45421
4.45421
4.45751
19.1317
16.2101
17.5099
29.6921
35.8215
39.8041
43.3032
44.6061
46.9844
46.5191
45.6541
44.8993
32.4867
25.3569
21.5838
15.6142
15.5269
13.0131
12.3191
4.45421
4.45421
4.45421
4.45421
4.45751
19.3056
16.9123
18.348
28.1274
31.3603
37.041
39.4717
39.9229
41.924
41.7111
37.9842
33.8739
21.21
17.1152
17.9193
15.4749
15.9816
14.4812
13.9738
4.45421
4.45421
4.45421
4.45421
4.45751
23.4785
18.9024
19.2405
28.1164
28.1441
29.2146
30.4187
30.5489
30.7667
30.7721
30.6473
29.9436
20.6032
17.0452
17.8555
16.1972
16.8758
15.5191
15.5374
4.45421
4.45421
4.45421
4.45421
4.79176
25.1711
19.8343
19.7545
28.1448
28.1299
28.8776
30.8889
33.4923
34.8235
34.2281
34.2168
33.6068
22.0139
17.1552
17.9612
15.5032
15.4655
13.8014
13.2844
4.45421
4.45421
4.45421
4.45421
4.45421
21.0662
18.3068
15.608
16.8432
16.7677
17.2014
20.3089
17.0727
16.7285
16.4432
16.7531
16.3918
12.1528
11.7631
4.43852
4.45751
4.45751
4.45751
4.45751
4.45421
4.45421
4.45421
4.45421
4.45421
4.45751
4.69189
4.26769
4.26571
4.26507
4.26487
4.26612
4.26854
4.26832
4.79836
5.578
5.70783
5.66935
4.86677
4.44057
4.45421
4.45421
4.45421
4.45421
4.45421
4.45421
4.45421
4.45421
4.45751
20.999
17.5059
18.5963
28.0885
28.127
29.0708
32.1565
37.237
39.6974
36.565
34.994
33.4729
21.1964
17.1523
17.9307
15.5172
15.9307
14.218
13.4764
4.45421
4.45421
4.45421
4.45421
4.45751
22.6442
18.5342
18.5967
28.1037
30.0705
38.6337
41.9077
42.3582
44.4053
44.6515
44.2661
41.1578
24.6831
17.4379
17.9684
15.5248
15.4729
13.4289
12.6982
4.45421
4.45421
4.45421
4.45421
4.45751
20.1306
16.6119
17.5882
28.5243
35.3095
40.0524
42.7559
42.8228
44.873
45.3538
44.8305
43.9758
31.6009
21.4112
18.1056
15.5742
15.4858
13.4501
12.9616
4.45421
4.45421
4.45421
4.45421
4.45751
19.6502
16.405
18.2978
28.154
28.1337
31.3319
39.6493
41.6677
44.091
44.5284
42.822
38.1275
21.6692
17.1188
17.9072
15.5156
16.1971
14.6727
14.2496
4.45421
4.45421
4.45421
4.45421
4.45751
23.1574
18.4218
19.3246
28.1076
28.1292
30.5207
34.8973
36.6252
39.0026
37.9142
35.7437
34.3515
21.6589
17.1282
17.9229
15.4765
15.9213
14.4475
14.0016
4.45421
4.45421
4.45421
4.45421
4.45421
20.0109
16.8563
14.7397
16.8159
16.7692
16.8933
17.865
14.9378
15.4195
15.8883
16.8206
15.9764
11.9566
11.7921
4.43865
4.45751
4.45751
4.45751
4.45751
4.45421
4.45421
4.45421
4.45421
4.45421
4.45751
4.35357
4.26863
4.2653
4.26547
4.26754
4.26875
4.43073
5.36372
7.06624
7.4103
7.71697
7.21731
6.63667
5.40952
4.45421
4.45421
4.45421
4.45421
4.45421
4.45421
4.45421
4.45421
4.45751
16.3783
15.6186
18.3019
28.1957
28.1194
28.9201
31.7936
33.691
35.4353
36.1868
35.5423
34.2416
21.7586
17.116
17.9309
15.487
15.7451
14.142
13.409
4.45421
4.45421
4.45421
4.45421
4.45751
21.7137
17.4639
18.2334
28.0978
28.7898
32.2653
35.3888
35.6922
37.0808
36.4006
35.7605
35.4761
23.0501
17.1718
17.9409
15.4964
15.6358
14.1938
13.5774
4.45421
4.45421
4.45421
4.45421
4.45751
21.0782
16.789
18.1221
28.0853
28.1267
29.2788
32.0341
33.8476
37.1199
37.4184
36.4627
34.6097
21.4468
17.1118
17.8707
15.4856
15.7191
14.2585
13.7692
4.45421
4.45421
4.45421
4.45421
4.45751
20.3549
16.6383
18.0375
28.1194
28.1494
28.256
29.5412
30.3316
31.5615
31.5493
31.3019
30.1044
20.5267
16.9599
17.7902
15.5197
15.9445
14.1449
13.6109
2.47578
2.47578
2.47578
2.47578
2.47908
18.443
13.8601
15.0874
28.8667
34.0366
37.6213
40.909
41.198
43.4249
43.346
43.2042
42.7625
30.2511
23.2871
21.77
14.3783
13.5931
11.0752
9.80894
2.47578
2.47578
2.47578
2.47578
2.47578
12.0473
11.8451
10.791
15.749
22.9041
26.2658
28.944
25.383
25.505
25.6504
25.5815
24.8823
20.8678
18.7354
2.51731
2.47908
2.47908
2.47908
2.47908
2.47578
2.47578
2.47578
2.47578
2.47578
2.47908
2.3665
2.29122
2.28814
2.39519
2.53988
3.32268
9.33414
14.3518
14.4554
14.6456
14.1955
13.8799
11.5625
4.83229
2.95808
2.71037
2.47578
2.47578
2.47578
2.47578
2.47578
2.47578
2.47908
11.5223
11.406
14.829
27.5473
35.0393
40.4315
42.0322
41.0496
42.4333
42.6154
41.3369
38.5201
22.4986
15.2178
15.9463
13.5652
13.5025
11.297
10.738
2.47578
2.47578
2.47578
2.47578
2.47908
15.5524
12.7126
15.273
26.1486
26.2382
26.9951
31.1267
34.0437
38.5132
38.8031
37.0027
34.8152
20.0895
15.1309
15.9023
13.5395
13.4946
11.2024
10.3654
2.47578
2.47578
2.47578
2.47578
2.47908
14.1103
11.9865
14.9083
26.1428
26.2422
26.6853
27.4298
26.5914
27.4292
27.9992
27.7232
27.4197
18.5432
14.9595
15.7594
13.9891
14.5777
12.8134
12.7901
2.47578
2.47578
2.47578
2.47578
2.47908
21.9885
17.2182
17.9358
26.1303
26.0825
26.1874
26.9951
27.5473
28.0681
27.8165
26.6021
26.4869
18.706
14.8998
16.1767
14.7843
15.1181
13.833
13.7148
2.47578
2.47578
2.47578
2.47578
2.47908
23.7419
17.7116
17.1566
26.1221
26.4928
29.2819
33.3771
33.5691
35.4287
34.097
32.7931
33.2752
20.9519
15.1144
15.8722
13.5345
13.5007
11.7244
11.1797
2.47578
2.47578
2.47578
2.47578
2.47578
16.6428
13.8265
12.1816
14.8518
14.8034
14.7805
14.7981
11.7366
11.8494
13.2949
14.1781
13.0249
9.85063
9.77895
2.44108
2.47908
2.47908
2.47908
2.47908
2.47578
2.47578
2.47578
2.47578
2.47578
2.47908
2.40626
2.30653
2.29586
2.29368
2.29142
2.2966
2.29319
2.28856
2.28708
2.28767
2.29043
2.29134
2.29326
2.44215
2.47578
2.47578
2.47578
2.47578
2.47578
2.47578
2.47578
2.47578
2.47908
16.3424
13.2587
15.056
26.2341
28.6219
32.4204
35.2015
36.5275
40.5318
38.6819
38.0526
36.8372
22.3578
15.2933
15.8995
13.5442
13.4888
11.4174
10.76
2.47578
2.47578
2.47578
2.47578
2.47908
15.7205
12.8786
15.4096
26.1035
26.4802
30.6374
37.3318
39.1971
41.1924
41.7871
39.5513
38.1531
23.0576
15.434
15.9134
13.5686
13.4972
11.5412
10.9639
2.47578
2.47578
2.47578
2.47578
2.47908
18.0662
14.0723
15.2235
26.4894
30.3029
35.7356
37.7895
38.2154
40.0433
40.318
36.8411
35.9172
23.6372
15.937
15.8848
13.5564
13.4954
11.5326
10.9647
2.47578
2.47578
2.47578
2.47578
2.47908
17.3869
13.5594
15.3432
26.0841
26.3519
28.2191
33.6316
36.8703
36.2017
37.8508
37.3009
36.2989
22.9767
15.5102
15.8795
13.5661
13.4987
11.4977
11.0001
2.47578
2.47578
2.47578
2.47578
2.47908
17.9294
14.1182
15.5911
26.0818
26.1856
27.4005
28.9022
29.5572
30.7442
31.2433
31.5631
30.9995
19.4712
15.0499
15.8083
13.5104
13.5572
11.9529
11.3364
2.47578
2.47578
2.47578
2.47578
2.47578
18.5585
14.9823
12.7487
14.8232
14.7684
14.7824
14.8895
11.8373
12.6004
13.3282
13.1747
12.4472
9.85291
9.77772
2.43606
2.47908
2.47908
2.47908
2.47908
2.47578
2.47578
2.47578
2.47578
2.47578
2.47908
2.38362
2.2969
2.29079
2.28704
2.2865
2.28806
2.28698
2.28875
2.28881
3.4159
4.48174
4.64025
3.90812
2.77087
2.47578
2.47578
2.47578
2.47578
2.47578
2.47578
2.47578
2.47578
2.47908
14.6537
13.0045
15.0218
26.2862
29.3812
36.54
39.4943
39.4259
41.064
41.5119
41.6765
41.3782
25.5231
16.9978
15.9292
13.6043
13.5283
11.116
10.3882
2.47578
2.47578
2.47578
2.47578
2.47908
16.0888
12.382
14.8347
32.2176
36.5387
39.8095
42.4355
42.9203
44.9265
43.9958
43.0856
42.7129
30.7998
24.3134
22.6399
20.3875
14.3508
11.1195
9.85601
2.47578
2.47578
2.47578
2.47578
2.47908
11.9916
11.135
15.2376
33.4488
37.7283
42.5737
47.1183
47.3589
48.69
47.778
46.756
45.3276
33.5835
26.848
24.8294
21.1912
20.6975
16.9402
14.0058
2.6983
2.47578
2.47578
2.47578
2.47908
11.0178
10.7106
15.4237
38.0143
41.5596
44.956
46.9351
46.8947
49.2771
48.569
47.5131
46.5157
33.8893
26.7393
22.8464
13.6857
13.5894
11.0495
9.93229
2.47578
2.47578
2.47578
2.47578
2.47908
14.982
12.2534
14.9279
26.1121
28.9756
37.8989
41.4899
41.4792
43.9083
43.9351
43.4844
43.1377
28.878
18.7273
16.0309
13.6056
13.5181
11.2906
10.7324
2.47578
2.47578
2.47578
2.47578
2.47578
15.3532
12.5804
11.1165
14.7776
19.2116
23.1117
23.3112
16.8856
17.7731
21.4395
22.2854
21.9201
16.8794
10.8577
2.43091
2.47908
2.47908
2.47908
2.47908
2.47578
2.47578
2.47578
2.47578
2.47578
2.46452
2.34569
2.29779
2.28961
2.28524
2.2847
2.39217
2.53305
5.52937
10.0097
10.7899
6.9537
6.13313
4.6156
3.4966
2.92224
2.47578
2.47578
2.47578
2.47578
2.47578
2.47578
2.47578
2.47578
2.46498
2.34753
2.29841
2.29228
2.29097
2.28988
2.29022
2.28908
2.2888
2.28728
2.28739
3.36043
4.46269
3.8107
2.42911
2.47578
2.47578
2.47578
2.47578
2.47578
2.47578
2.47578
2.47578
2.47908
11.4463
11.163
14.8386
26.213
27.8215
28.8687
29.6054
29.6392
31.4456
31.5485
32.2338
32.925
20.6655
15.1499
15.7981
13.5639
13.5108
11.1784
10.559
2.47578
2.47578
2.47578
2.47578
2.47908
16.3713
12.5831
14.9376
26.1338
27.6917
30.8211
33.6198
35.4863
37.3074
37.6902
37.8553
36.8402
24.4399
16.9311
15.8509
13.5962
13.5323
11.1336
10.4082
2.47578
2.47578
2.47578
2.47578
2.47908
16.4184
12.8763
14.9508
26.4895
30.3975
37.3707
40.6425
40.4164
41.8307
42.1726
41.8923
41.2076
26.6323
17.2116
15.8422
13.5991
13.5385
11.1104
10.4699
2.47578
2.47578
2.47578
2.47578
2.47908
14.895
12.2318
15.0577
26.1429
26.2545
26.7518
30.476
34.576
37.6434
39.2937
40.2708
38.8392
22.7991
15.2401
15.7859
13.5574
13.4942
11.3059
10.4841
2.47578
2.47578
2.47578
2.47578
2.47578
12.1328
11.8103
11.2306
14.795
14.7793
14.8016
15.1412
14.7885
19.2279
20.2584
20.5792
16.0936
10.1875
9.8054
2.44985
2.47908
2.47908
2.47908
2.47908
2.47578
2.47578
2.47578
2.47578
2.47578
2.46498
2.34768
2.29921
2.29348
2.29257
2.29431
2.2884
2.28755
2.28888
2.28742
2.28729
2.28815
2.28539
2.28865
2.41886
2.47578
2.47578
2.47578
2.47578
3.13526
3.13526
3.13526
3.13526
3.13855
12.2514
11.9892
15.6101
26.9432
27.1178
27.7995
33.5898
38.5497
41.6953
42.8418
43.2452
41.6103
27.0508
17.5335
16.4953
14.2687
14.2037
11.6952
10.7647
3.13526
3.13526
3.13526
3.13526
3.13855
12.794
11.6846
15.4768
30.9475
38.1305
41.1063
42.9229
42.5707
44.9216
44.7636
44.3406
44.0781
31.2786
21.675
16.9672
14.2754
14.1837
11.9204
11.3571
3.13526
3.13526
3.13526
3.13526
3.13855
16.6725
13.0725
15.5642
27.2805
33.9032
40.5848
43.3305
43.6944
46.7905
47.6372
47.9513
48.8788
35.6723
26.5981
17.799
14.307
14.2079
11.6933
10.8923
3.13526
3.13526
3.13526
3.13526
3.13855
15.7041
12.7325
15.478
27.1171
33.4879
40.452
41.7375
41.2287
43.2193
44.0303
44.3475
44.3505
31.8118
20.2496
16.5292
14.2633
14.1729
11.9147
11.4236
3.13526
3.13526
3.13526
3.13526
3.13855
16.4977
13.8253
16.0515
26.7497
26.8479
28.5364
32.846
34.7176
37.2425
37.2321
36.8801
36.5599
22.4455
15.8734
16.4554
14.2016
14.1479
12.2072
11.5699
3.13526
3.13526
3.13526
3.13526
3.13526
16.1268
14.1154
13.0998
15.6363
15.4423
15.438
15.7
14.1203
19.0366
20.9751
21.192
20.7837
13.5522
10.9086
3.08185
3.13855
3.13855
3.13855
3.13855
3.13526
3.13526
3.13526
3.13526
3.13526
3.11347
2.97202
2.95097
2.94639
2.9452
2.94453
2.94566
3.27828
8.26317
11.5868
8.73854
8.34628
7.31536
5.31525
4.87356
3.5878
3.45424
3.13526
3.13526
3.13526
3.13526
3.13526
3.13526
3.13855
12.1328
11.792
15.4855
26.9931
29.5493
36.2197
40.8222
40.9427
43.5512
44.3658
43.9637
43.6735
30.8739
18.4115
16.4924
14.2473
14.1646
12.0644
11.4412
3.13526
3.13526
3.13526
3.13526
3.13855
14.93
12.2975
15.4787
26.821
27.0153
28.2809
31.2299
34.8685
40.9204
42.0444
42.1877
39.3533
22.5236
15.8538
16.4022
14.2354
14.1729
11.6933
10.807
3.13526
3.13526
3.13526
3.13526
3.13855
13.6148
12.5918
15.7462
26.9366
26.9544
28.0504
35.0848
39.281
42.2801
43.4175
43.6995
43.1503
30.1471
20.7947
16.6575
14.2964
14.2267
11.7062
10.5954
3.13526
3.13526
3.13526
3.13526
3.13855
13.0122
12.2075
15.5161
26.8492
26.994
27.0809
28.0893
28.3471
29.7842
30.692
30.5314
29.6346
19.2079
15.6084
16.091
14.2033
14.1719
11.6933
10.7451
3.13526
3.13526
3.13526
3.13526
3.13855
13.1864
12.4552
15.6859
26.94
26.9735
27.1916
28.3406
30.605
34.1728
37.1391
38.2182
38.4685
25.882
17.2928
16.2634
14.2468
14.1702
11.9127
11.3649
3.13526
3.13526
3.13526
3.13526
3.13526
14.7282
12.8441
12.1644
15.4464
15.4371
15.4457
15.6909
13.5889
15.294
15.7151
16.2846
15.6463
10.9937
10.4624
3.04013
3.13855
3.13855
3.13855
3.13855
3.13526
3.13526
3.13526
3.13526
3.13526
3.12785
3.03153
2.96816
2.95494
2.95104
2.94848
2.94775
2.94739
2.94728
3.75418
4.73114
5.82021
5.28763
5.41927
4.54305
3.13526
3.13526
3.13526
3.13526
3.13526
3.13526
3.13526
3.13526
3.13855
11.7726
11.7081
15.5547
26.9823
27.0133
27.9063
32.5101
32.8567
37.4096
38.6844
40.4936
39.6825
25.4441
17.4847
16.1748
14.2618
14.1875
11.7618
11.0313
3.13526
3.13526
3.13526
3.13526
3.13855
17.0012
13.2111
15.5557
27.3743
31.1536
35.7473
40.3192
40.5705
42.4147
42.7446
42.6198
42.0574
29.8388
23.0883
17.0399
14.297
14.2275
11.7007
10.7041
3.13526
3.13526
3.13526
3.13526
3.13855
15.6128
12.7617
15.4818
31.0239
36.7444
40.1933
42.7364
43.0575
45.529
45.4106
45.0249
44.5542
32.2672
25.3753
23.6023
21.2447
14.3938
11.7758
10.4969
3.13526
3.13526
3.13526
3.13526
3.13855
12.8663
11.8213
15.7565
35.2876
39.5932
43.1321
46.2099
45.8961
48.0908
47.3582
46.2054
45.9156
34.1641
27.2145
25.3125
21.6847
21.9468
18.1447
16.0635
3.49647
3.49151
3.13526
3.13526
3.13855
11.6445
11.3711
20.0686
41.0475
46.1088
50.3776
53.1879
52.6304
55.6253
55.3194
55.0004
54.8124
41.4144
34.167
31.1122
25.6834
23.6564
19.4254
17.0053
3.5016
3.49791
3.50407
3.496
3.49043
11.4864
13.1564
18.6652
28.6342
33.3431
35.3942
36.5162
32.5506
32.9753
34.0752
34.9149
34.727
30.8594
29.1056
3.97328
5.24403
5.17083
4.70616
3.55141
3.54086
3.53349
3.52646
3.23195
3.25929
3.10577
3.18269
3.35377
3.34256
3.36841
8.78011
13.4235
15.2675
16.0795
17.009
16.7728
15.7172
15.2919
13.8591
11.8783
10.4717
7.72218
3.13526
3.13526
3.13526
3.13526
3.13526
3.13526
3.13855
11.7517
11.3883
15.5647
35.4854
40.6395
42.7375
45.1451
44.6196
46.6892
47.2006
46.901
45.8455
32.9935
25.5501
18.5817
14.3369
14.2419
11.71
10.4979
3.13526
3.13526
3.13526
3.13526
3.13855
11.9261
11.3627
15.4828
34.6809
39.5783
42.2751
43.7331
43.388
45.7034
45.947
45.7895
45.1535
32.3806
25.1049
18.6475
14.3436
14.2593
11.7201
10.4667
3.13526
3.13526
3.13526
3.13526
3.13855
12.5693
11.6751
15.4997
27.0923
29.8134
36.5598
41.4148
41.7936
44.5693
45.3347
44.81
44.2134
31.5943
24.6413
19.9306
14.3542
14.2823
11.7557
10.4767
3.13526
3.13526
3.13526
3.13526
3.13855
11.7558
11.3611
15.4742
30.0081
38.0106
41.7784
43.7005
43.2479
45.4293
45.9992
45.8598
45.1842
32.5386
25.548
23.4971
14.9949
14.3089
11.778
10.5048
3.13526
3.13526
3.13526
3.13526
3.13855
12.4098
11.5573
15.4743
35.6998
40.2569
42.802
45.4645
44.8775
47.1077
47.2521
46.6289
45.6258
32.6802
25.3634
18.3451
14.3561
14.2816
11.7524
10.4768
3.13526
3.13526
3.13526
3.13526
3.13526
11.349
11.5229
11.3136
16.4693
22.3386
25.7468
28.8112
26.7714
27.4005
28.0917
28.0013
26.1112
19.9785
17.5015
3.46045
3.5407
3.13855
3.13855
3.13855
3.13526
3.13526
3.13526
3.13526
3.13526
3.10883
2.96488
2.94884
3.36447
3.3585
3.39971
8.93349
13.2074
13.5932
16.1168
15.9229
15.3633
14.7652
12.963
6.52558
5.21096
3.25515
3.13526
3.13526
3.13526
3.13526
3.13526
3.13526
3.13855
11.7121
11.4207
16.7289
38.628
41.7963
44.114
47.8524
46.491
47.929
47.7909
47.0018
45.8932
32.8485
25.6922
23.6536
15.2143
14.302
11.7668
10.4861
3.13526
3.13526
3.13526
3.13526
3.13855
11.8605
11.3633
16.3748
39.6328
42.8673
45.7684
47.8751
46.8764
48.9532
48.9903
49.1108
48.3989
35.6119
28.1969
21.8408
14.3678
14.2857
11.7578
10.4847
3.79473
3.79473
3.79473
3.79473
3.79803
12.9817
12.1857
16.5081
36.0725
40.2623
43.4293
47.228
47.5821
49.7614
50.096
49.0878
47.6828
34.7859
27.672
25.7144
22.4179
22.0531
13.9787
11.2064
3.79473
3.79473
3.79473
3.79473
3.79803
12.309
12.0368
16.87
40.4207
43.9523
47.1665
50.0322
49.7301
52.664
53.0891
52.4082
50.8955
37.6201
30.3407
28.2004
23.68
22.1903
18.3459
15.5696
3.79473
3.79473
3.79473
3.79473
3.79803
12.3083
12.0346
17.9312
41.0581
44.812
47.5538
51.4535
51.15
53.9285
54.2265
52.5494
51.1298
38.4779
30.9951
28.8027
24.2559
22.674
18.7787
16.6346
3.79473
3.79473
3.79473
3.79473
3.79473
11.1292
12.0132
12.4093
23.6569
27.5815
30.235
32.0936
28.3429
28.5476
28.3939
27.7223
26.6503
22.5864
20.9932
3.95505
3.79803
3.79803
3.79803
3.79803
3.79473
3.79473
3.79473
3.79473
3.79473
3.76698
3.62058
3.60602
3.60304
4.0094
4.14237
6.7586
10.8195
14.9677
16.3212
16.6312
15.873
16.2654
14.1531
8.54589
4.41802
4.15208
3.79473
3.79473
3.79473
3.79473
3.79473
3.79473
3.79473
3.77614
3.63453
3.60881
3.74095
4.13587
4.17152
9.15704
13.9004
15.4973
16.1913
16.8216
15.6508
15.9084
10.5021
6.79043
4.27394
3.79473
3.79473
3.79473
3.79473
3.79473
3.79473
3.79473
3.79803
12.4005
12.0721
16.2213
31.1565
39.4786
43.1184
44.7568
43.3891
44.9777
45.5097
45.4898
45.1654
32.5185
25.3884
19.66
15.0052
14.9204
12.3923
11.1455
3.79473
3.79473
3.79473
3.79473
3.79803
12.3334
12.0576
16.1596
30.2831
37.6931
42.073
44.2207
43.9065
46.212
46.8106
46.3636
45.6576
33.2382
26.2541
21.6207
15.0231
14.9393
12.413
11.1484
3.79473
3.79473
3.79473
3.79473
3.79803
12.33
12.0805
16.1799
30.2976
36.0463
40.7754
42.9213
42.8296
45.1452
45.6706
45.5095
44.7448
31.7248
22.0508
17.5983
14.99
14.9178
12.3928
11.1279
3.79473
3.79473
3.79473
3.79473
3.79803
12.3347
12.0919
16.1744
29.2994
31.6609
38.9328
41.3994
41.4966
42.6573
41.8991
42.4752
42.5428
27.6805
17.8952
16.6909
14.9327
14.8699
12.363
11.1261
3.79473
3.79473
3.79473
3.79473
3.79473
11.3742
12.1272
11.9995
16.1302
16.1754
19.2466
24.308
21.7513
22.8589
23.6275
23.3744
22.8418
19.2765
17.5605
3.69077
3.79803
3.79803
3.79803
3.79803
3.79473
3.79473
3.79473
3.79473
3.79473
3.77532
3.63511
3.61092
3.60901
3.98526
4.12476
5.56376
11.2184
13.8388
15.4561
16.4722
15.6563
16.1143
13.5592
8.64292
4.66265
4.03598
3.79473
3.79473
3.79473
3.79473
3.79473
3.79473
3.79803
12.3625
12.0518
16.7741
36.7466
40.7672
43.517
46.3159
46.6368
49.3358
48.9896
47.4565
46.3239
34.0571
27.0176
25.2598
22.4668
21.7429
18.066
11.2125
3.79473
3.79473
3.79473
3.79473
3.79803
12.3141
12.0315
16.5857
35.9649
39.33
42.3264
44.1712
43.727
47.8745
49.0733
48.2913
46.9032
33.5185
25.9913
24.1678
19.0048
14.9659
12.4476
11.1641
3.79473
3.79473
3.79473
3.79473
3.79803
12.5482
12.0565
16.1418
34.3585
39.8508
42.4698
44.2983
44.2397
47.1486
47.565
47.3656
46.5766
33.5472
26.1859
24.2665
15.2973
14.9513
12.4192
11.1366
3.79473
3.79473
3.79473
3.79473
3.79803
12.3604
12.1436
16.2132
29.1669
33.6415
40.1332
43.1405
43.1828
45.8945
46.5258
46.1515
45.4763
32.6346
23.5611
17.9761
14.9863
14.9086
12.3769
11.1261
3.79473
3.79473
3.79473
3.79473
3.79803
14.371
12.8267
16.1569
28.8166
35.0809
40.4971
42.8973
42.6667
45.083
46.077
45.5972
44.999
32.196
25.1725
19.9686
15.0037
14.9283
12.3977
11.1285
3.79473
3.79473
3.79473
3.79473
3.79473
13.0813
12.8831
12.0348
17.2635
24.5339
27.3319
29.5345
26.3902
26.8994
27.0875
26.8915
26.4649
23.0683
21.5592
4.24995
4.33124
4.3259
4.31718
3.92644
3.79473
3.79473
3.79473
3.79473
3.79473
3.77753
3.64068
3.61249
3.99663
4.12306
4.19495
8.8045
13.9683
15.7308
17.1958
17.3297
16.3938
16.0845
14.6476
13.0472
12.0749
6.41994
3.79473
3.79473
3.79473
3.79473
3.79473
3.79473
3.79803
12.4758
12.1935
16.2594
32.981
40.0757
42.9831
45.1904
45.3642
47.9687
47.9783
47.0161
46.2857
33.6643
26.4415
22.0734
15.0208
14.9379
12.4033
11.1292
3.79473
3.79473
3.79473
3.79473
3.79803
12.7814
12.3585
16.2138
28.2028
33.9603
39.7388
42.6983
43.1785
46.6361
47.1546
46.3885
45.6476
32.8171
25.4854
18.7339
15.0097
14.9379
12.4113
11.1394
3.79473
3.79473
3.79473
3.79473
3.79803
12.7607
12.1374
16.1479
33.7096
39.7094
42.9358
45.1048
44.7758
46.9022
46.9782
46.3228
44.8697
31.2158
24.1842
18.3237
14.9697
14.9032
12.3846
11.1261
3.79473
3.79473
3.79473
3.79473
3.79803
13.2081
12.188
16.1369
33.2198
38.5095
41.8316
44.9266
45.8178
49.4916
50.0323
49.1438
47.6687
34.4162
26.8662
25.0385
22.2224
21.6701
18.0397
11.2113
3.79473
3.79473
3.79473
3.79473
3.79803
12.3649
12.1379
17.224
40.6227
43.9538
46.6714
48.5377
47.845
50.4752
50.5451
50.098
49.0198
36.1896
28.7693
23.5403
15.0732
14.9681
12.4385
11.1715
3.79473
3.79473
3.79473
3.79473
3.79473
11.4923
12.1418
11.9824
19.3626
23.8021
26.8932
29.3687
26.5986
27.308
27.4731
26.8064
25.4162
21.0559
18.9994
4.28813
3.79803
3.79803
3.79803
3.79803
3.79473
3.79473
3.79473
3.79473
3.79473
3.79803
3.68409
3.86739
4.10665
4.13533
4.83418
10.1016
15.1677
16.577
18.103
18.1614
17.1214
17.3661
15.6008
12.9168
11.765
9.7358
4.98836
3.79473
3.79473
3.79473
3.79473
3.79473
3.79803
12.5045
12.2297
20.9969
41.3673
44.3909
47.4749
50.6616
50.0524
53.0702
52.8008
51.8766
50.8013
37.0278
29.3841
27.6094
23.0781
21.9304
12.4854
11.2133
3.79473
3.79473
3.79473
3.79473
3.79803
12.3651
12.1469
18.5547
40.8973
44.2516
46.5245
47.8926
48.5192
52.5741
52.011
50.7255
49.448
36.5188
29.1914
27.4417
17.4223
14.9729
12.4324
11.1477
3.79473
3.79473
3.79473
3.79473
3.79803
12.9917
12.2751
16.154
34.4575
39.3618
42.146
44.2171
44.6597
47.5694
47.7656
47.0515
46.3284
33.5992
26.2545
24.8675
18.6411
14.9783
12.4457
11.1607
3.79473
3.79473
3.79473
3.79473
3.79803
12.5931
12.1433
16.1493
34.0598
39.5262
42.1667
44.2334
43.9079
46.8633
47.8849
47.115
46.1557
33.3717
26.0423
24.4651
15.5302
14.9777
12.4537
11.1749
3.79473
3.79473
3.79473
3.79473
3.79803
12.3661
12.169
16.1954
32.7191
38.25
41.2179
43.7921
44.0433
47.1496
47.6105
47.0087
46.1836
33.3342
26.0221
23.4786
15.2748
14.9748
12.4496
11.1757
4.45421
4.45421
4.45421
4.45421
4.45421
11.9892
12.9089
12.6418
16.7589
18.5306
25.0684
28.0155
25.3965
25.8436
25.9012
25.2188
23.8492
19.7044
12.8771
4.4043
4.45751
4.45751
4.45751
4.45751
4.45421
4.45421
4.45421
4.45421
4.45421
4.45751
4.36664
4.27322
4.26578
4.43424
4.90789
4.93407
10.2609
13.3271
16.9134
16.038
16.6485
15.9278
7.9646
6.58292
4.69196
4.45421
4.45421
4.45421
4.45421
4.45421
4.45421
4.45421
4.45751
13.1449
12.8584
16.9074
33.1751
41.3192
44.0622
45.5194
44.7186
47.4805
47.821
47.1537
46.508
33.522
26.2342
21.7061
15.6756
15.5912
13.0437
11.803
4.45421
4.45421
4.45421
4.45421
4.45751
14.5897
13.3371
16.8103
32.0791
39.5298
42.5787
44.6855
44.2966
47.0629
47.5701
46.9073
46.2263
33.3396
25.9769
19.0968
15.6358
15.5658
13.0452
11.7856
4.45421
4.45421
4.45421
4.45421
4.45751
14.5057
13.5707
16.8123
29.497
38.7912
42.7949
45.6828
45.3767
47.9136
48.1387
47.7828
46.9798
33.7217
26.4985
25.1319
17.9744
15.6332
13.1036
11.8265
4.45421
4.45421
4.45421
4.45421
4.45751
13.4525
13.0472
16.7983
32.8545
40.3629
43.3746
45.6397
45.3955
47.5613
47.4955
47.0848
46.31
33.4883
26.3025
22.5376
15.669
15.602
13.0777
11.798
4.45421
4.45421
4.45421
4.45421
4.45751
13.8469
13.2274
16.7985
30.6025
38.6617
42.3154
43.9715
43.8618
46.6096
47.1442
46.8864
45.9941
32.9025
25.7046
19.5851
15.651
15.5742
13.0401
11.8206
4.45421
4.45421
4.45421
4.45421
4.45421
13.3621
13.5316
12.7159
16.764
20.8673
25.5871
28.2287
24.9586
25.5763
26.0497
25.8096
25.0055
20.7976
18.3927
4.61128
4.45751
4.45751
4.45751
4.45751
4.45421
4.45421
4.45421
4.45421
4.45421
4.45751
4.35434
4.26784
4.76392
4.8936
4.93892
6.10403
12.7927
15.8292
17.039
17.1568
17.1339
15.5977
14.0257
13.0985
6.40175
4.58087
4.45421
4.45421
4.45421
4.45421
4.45421
4.45421
4.45751
13.1204
12.8319
16.877
33.9538
40.986
43.9465
45.8508
45.4228
48.227
48.5357
47.5513
46.6215
33.4579
26.0458
24.7174
15.8877
15.6058
13.0791
11.8038
4.45421
4.45421
4.45421
4.45421
4.45751
13.2597
12.9194
16.8208
29.6009
36.8446
42.3635
44.4416
44.5984
47.6909
47.8225
46.9949
46.4223
33.3311
25.823
19.5995
15.6561
15.5775
13.042
11.8544
4.45421
4.45421
4.45421
4.45421
4.45751
13.4578
12.9577
16.8876
28.6506
31.491
36.4629
41.7368
42.5697
45.9211
47.461
47.0463
46.217
32.9923
23.6332
18.6003
15.6549
15.5885
13.0703
11.8069
4.45421
4.45421
4.45421
4.45421
4.45751
13.0256
12.9697
17.1092
29.1309
30.6813
34.8458
39.9655
40.9037
44.1705
45.2548
45.3724
44.9857
31.9964
20.6492
18.1123
15.6245
15.5522
13.0239
11.7856
4.45421
4.45421
4.45421
4.45421
4.45751
13.035
12.9798
17.19
28.7035
29.6638
31.8703
35.6606
38.8386
42.3549
43.9752
44.3762
43.8325
31.1189
20.0458
18.0506
15.6105
15.5398
13.0174
11.7856
4.45421
4.45421
4.45421
4.45421
4.45421
12.2494
12.9975
12.7264
16.8458
16.8134
16.8649
18.187
19.2863
22.0407
23.0803
22.963
22.5872
18.7106
13.4612
4.43175
4.45751
4.45751
4.45751
4.45751
4.45421
4.45421
4.45421
4.45421
4.45421
4.45751
4.40312
4.28669
4.2725
4.26885
4.26679
4.43866
4.92237
6.0285
10.4774
13.9816
14.0207
15.5816
13.419
6.99822
4.93864
4.56918
4.45421
4.45421
4.45421
4.45421
4.45421
4.45421
4.45751
13.52
13.451
16.8814
28.2572
28.9407
35.2993
42.0652
42.2422
44.4227
45.1603
45.3452
45.2238
32.4276
25.3326
18.7438
15.6243
15.5467
13.0206
11.9423
4.45421
4.45421
4.45421
4.45421
4.45751
14.1529
13.5283
16.8794
28.1981
28.9869
35.2043
41.6932
42.3037
44.7394
45.2848
45.2633
44.8746
32.0177
22.2308
18.5163
15.6247
15.5492
13.0216
11.9642
4.45421
4.45421
4.45421
4.45421
4.45751
17.0264
14.6072
17.0029
28.5976
34.3241
40.6131
43.0671
43.0798
45.1209
46.0331
45.8075
45.3868
32.4459
25.3617
19.0265
15.6318
15.5517
13.0224
11.9554
4.45421
4.45421
4.45421
4.45421
4.45751
14.5455
13.7385
16.8807
28.1653
29.9479
38.435
43.4758
43.6087
46.1312
46.6767
46.3369
45.9787
33.0696
25.8715
19.1992
15.6445
15.5568
13.0246
11.7856
4.45421
4.45421
4.45421
4.45421
4.45751
14.2196
13.9457
16.9517
28.1724
28.5734
31.9748
41.1663
43.2914
46.3638
46.8086
46.4658
46.3555
33.4956
24.2672
18.846
15.6446
15.5584
13.0253
11.8885
4.45421
4.45421
4.45421
4.45421
4.45421
14.6465
14.0487
13.0535
16.7613
20.3911
24.9502
28.08
25.2636
25.7042
25.7583
25.6441
25.0123
20.9567
18.8162
4.78653
4.45751
4.45751
4.45751
4.45751
4.45421
4.45421
4.45421
4.45421
4.45421
4.45751
4.39089
4.27979
4.26789
4.26436
4.79511
5.32442
11.0037
14.0898
16.6762
16.8866
16.5048
16.3433
11.0242
6.0203
4.92786
4.56828
4.45421
4.45421
4.45421
4.45421
4.45421
4.45421
4.45751
13.0607
12.894
16.8622
30.5701
37.9109
42.5631
44.439
44.4116
47.7038
49.1059
48.381
47.1468
34.1071
26.7536
22.7786
15.6728
15.5927
13.0611
11.7889
4.45421
4.45421
4.45421
4.45421
4.45751
14.607
13.7647
16.8696
32.9933
40.5742
44.6718
48.1024
48.5707
51.3903
51.7596
50.5853
48.8499
34.8912
27.4151
25.9029
22.7557
22.6242
19.0922
17.4044
5.07661
5.07195
5.06819
5.06488
4.46621
13.0252
12.9073
20.0951
41.1394
44.8701
47.9352
51.4308
51.4444
54.4387
53.5366
51.9788
50.4961
37.3574
30.1296
28.4019
23.9997
23.0367
19.2962
17.3843
5.0852
5.08009
5.0765
4.46446
4.45751
13.0257
12.8989
19.8691
42.2426
46.2342
49.8498
53.6404
53.6227
56.846
55.9066
52.9995
50.7842
37.5396
29.9003
28.1058
23.6613
22.6673
19.2532
17.5443
5.08227
5.07719
5.07387
4.76213
4.45751
13.0252
12.8986
17.7451
41.2476
45.2742
48.8014
52.7045
52.8718
56.051
55.4064
53.3821
50.9153
37.2932
29.6305
27.9267
23.5322
17.4561
13.1101
11.835
4.45421
4.45421
4.45421
4.45421
4.45421
12.2853
13.1151
12.6505
19.2501
26.2178
29.0238
31.9903
30.0152
31.5967
31.5812
30.8386
29.4395
24.862
22.6059
5.12009
5.11941
5.11113
5.10423
4.48779
4.45421
4.45421
4.45421
4.45421
4.45421
4.45751
4.3911
4.27579
4.78972
4.91415
4.957
7.34005
15.2579
18.8386
18.3911
18.3291
17.4936
16.817
14.0977
10.8634
4.98883
4.69576
4.45421
4.45421
4.45421
4.45421
4.45421
4.45421
4.45751
13.0996
12.9305
16.9148
31.7104
39.19
42.512
44.3277
44.0698
46.7114
47.1358
46.8412
46.083
32.7534
25.8462
22.2618
15.6636
15.5919
13.0662
11.7933
2.47578
2.47578
2.47578
2.47578
2.47908
12.2649
11.583
14.8709
31.0128
37.1249
40.8398
43.1736
43.3697
46.3632
46.6013
45.7634
44.7474
31.1819
23.5921
17.3288
13.6848
13.6203
11.0938
9.81911
2.47578
2.47578
2.47578
2.47578
2.47908
11.0903
10.9352
14.8882
27.9615
34.1767
39.3505
41.8518
41.7443
44.495
44.8925
44.3882
43.8623
30.678
21.5648
16.394
13.658
13.5954
11.084
9.8166
2.47578
2.47578
2.47578
2.47578
2.47908
11.0507
10.9709
14.9539
26.761
29.2185
35.639
39.1915
39.6638
41.7336
42.1939
42.2776
41.7611
28.8046
17.7165
16.1951
13.6232
13.5549
11.0393
9.87216
2.47578
2.47578
2.47578
2.47578
2.47908
11.6946
11.2296
14.9425
26.325
27.5539
30.8199
37.7643
39.4866
41.7244
42.0591
41.7947
41.0223
24.726
15.9114
16.1578
13.5948
13.535
11.0601
10.2324
2.47578
2.47578
2.47578
2.47578
2.47578
11.117
11.4595
10.8548
14.7885
14.8063
18.3509
21.7819
19.4262
20.5235
21.0537
20.8258
19.9798
15.8903
10.4545
2.47908
2.47908
2.47908
2.47908
2.47908
2.47578
2.47578
2.47578
2.47578
2.47578
2.47908
2.41536
2.29522
2.28943
2.38517
2.52071
2.55026
5.64062
9.29355
13.8077
13.8767
13.9257
11.8002
5.62142
3.75021
2.59605
2.47578
2.47578
2.47578
2.47578
2.47578
2.47578
2.47578
2.47578
2.47908
2.4198
2.29655
2.28983
2.34603
2.55892
3.00009
7.55848
12.1998
14.3121
14.509
14.6486
13.0825
11.467
5.2083
2.72295
2.47578
2.47578
2.47578
2.47578
2.47578
2.47578
2.47578
2.47908
11.1053
10.9546
14.921
29.6428
36.5091
39.613
41.6252
41.2178
42.7341
43.0013
43.1009
42.2669
28.9464
17.8399
16.1899
13.6234
13.5623
11.0501
9.8072
2.47578
2.47578
2.47578
2.47578
2.47908
11.7612
11.2714
14.8953
26.5658
31.3245
38.2432
41.0997
41.0044
43.1154
43.561
43.3028
42.5458
29.3447
19.0738
16.2079
13.6313
13.5687
11.0446
9.96311
2.47578
2.47578
2.47578
2.47578
2.47908
13.3331
12.1253
14.9157
27.2552
35.6703
40.1692
41.8702
41.8265
44.5481
44.3593
43.8897
43.2895
30.0897
21.2232
16.3543
13.6408
13.5748
11.0482
9.85213
2.47578
2.47578
2.47578
2.47578
2.47908
12.064
11.5771
14.8558
26.2676
31.1836
38.8069
41.3727
41.0861
42.9935
43.2851
42.9322
41.8248
28.776
16.8904
16.1633
13.5923
13.5388
11.0338
10.0633
2.47578
2.47578
2.47578
2.47578
2.47578
11.2668
11.5346
11.0701
14.8507
14.806
14.8386
17.2723
16.2456
17.2258
17.4913
17.2958
16.7475
9.89935
9.82149
2.47908
2.47908
2.47908
2.47908
2.47908
2.47578
2.47578
2.47578
2.47578
2.47578
2.47908
2.44958
2.32784
2.29485
2.29051
2.28933
2.28909
2.28886
2.28774
2.28713
2.78883
3.54917
3.77048
2.77297
2.47908
2.47578
2.47578
2.47578
2.47578
2.47578
2.47578
2.47578
2.47578
2.47908
14.272
13.2431
15.4639
26.1477
27.4485
32.9529
38.2783
38.4614
40.1204
40.9087
40.775
40.1267
24.0883
16.2227
16.1465
13.5885
13.5329
11.0338
10.1908
2.47578
2.47578
2.47578
2.47578
2.47908
15.2197
12.9594
15.3181
26.4185
29.6266
36.9461
39.7655
40.2913
42.7096
43.4393
43.0748
42.0234
28.9237
19.832
16.2098
13.6312
13.5691
11.0453
9.99183
2.47578
2.47578
2.47578
2.47578
2.47908
15.4616
13.0809
15.252
26.309
31.338
38.2731
40.6456
40.6851
42.3977
42.4613
42.1868
41.6514
28.8058
19.6675
16.1804
13.6227
13.5637
11.0433
10.0155
2.47578
2.47578
2.47578
2.47578
2.47908
14.9343
12.4602
15.1036
26.1849
31.0824
38.526
41.3062
41.3987
43.5963
44.0251
44.0189
43.4787
29.9104
20.9049
16.3652
13.6492
13.5797
11.0542
9.82672
2.47578
2.47578
2.47578
2.47578
2.47908
13.6081
12.7199
15.2017
26.8677
34.6757
39.7688
44.0442
44.5589
46.8879
46.5863
46.0211
44.7859
30.6746
23.4119
16.7336
13.667
13.6001
11.0772
9.80906
2.47578
2.47578
2.47578
2.47578
2.47578
11.8068
11.9991
11.1565
15.2059
19.2436
23.7326
26.8268
23.9319
22.4329
21.2835
21.7835
20.958
17.365
16.497
2.72466
2.7175
2.71645
2.71092
2.70511
2.6976
2.69354
2.68878
2.68493
2.68204
2.68377
2.62725
2.50653
2.52571
2.56159
2.5891
4.62769
10.8139
14.2843
15.2551
15.158
14.4207
11.2453
10.7814
10.2141
6.94912
2.78059
2.77078
2.76221
2.755
2.74737
2.74184
2.737
2.73707
13.6692
12.8369
22.3443
41.0002
44.1128
46.4492
48.255
45.9896
47.8132
47.8743
47.4907
46.9334
32.9949
26.0794
21.3358
13.6852
13.6314
11.1153
9.84051
2.47578
2.47578
2.47578
2.47578
2.47908
11.1727
10.9441
14.8737
29.4712
35.218
37.25
39.0599
39.5422
42.1245
42.2886
41.1671
39.9101
27.4677
18.7691
16.2043
13.6197
13.9517
11.7992
9.85301
2.47578
2.47578
2.47578
2.47578
2.47908
12.078
12.0549
15.018
26.267
28.5658
35.5684
39.1895
39.6901
41.7411
42.0684
41.6322
40.6762
27.944
21.6242
17.703
13.6402
13.5957
11.0873
9.81621
2.47578
2.47578
2.47578
2.47578
2.47908
12.7812
12.4765
15.1565
30.4879
37.5748
42.2888
45.8111
46.0587
48.3309
47.9315
46.6011
45.1914
32.5997
26.06
24.2559
20.2473
19.4284
11.1303
9.86281
2.47578
2.47578
2.47578
2.47578
2.47908
11.8142
11.8692
14.9608
29.5479
35.9027
41.4793
45.8258
47.1517
50.1243
49.3233
48.4418
47.2947
33.542
26.4498
23.7619
20.6601
20.9482
17.5302
11.6877
2.69975
2.69532
2.6904
2.68544
2.68332
10.2674
11.8575
12.103
19.5905
23.7206
28.4443
32.1168
31.0816
32.2085
32.1991
31.6257
29.8574
23.8577
20.0949
2.802
2.78699
2.77108
2.75161
2.73609
2.72421
2.7184
2.71487
2.72137
2.71809
2.70934
2.67846
2.53393
2.53536
2.57842
3.51963
12.3981
16.0986
17.3143
17.8384
16.2981
14.6183
14.2198
11.6459
11.1028
8.60905
3.74087
2.76953
2.75746
2.74889
2.73722
2.72771
2.72274
2.7252
16.1545
16.7773
21.9272
39.4622
42.5885
45.9194
48.1937
47.5672
49.715
49.9768
48.8683
47.5093
34.1989
27.6198
25.925
21.7466
20.8696
17.2546
13.9885
2.71832
2.71555
2.71113
2.70619
2.536
11.0474
11.1917
18.051
38.8192
42.5209
46.1966
48.9111
47.9755
50.1286
49.4799
48.578
47.199
33.3844
26.7752
24.8632
20.8107
20.0375
16.4052
10.2482
2.47578
2.47578
2.47578
2.47578
2.47908
11.0454
11.0033
14.9646
33.0957
38.0814
41.3218
44.5965
44.541
45.9671
45.001
44.4022
43.2721
29.8663
23.2734
21.6272
20.2326
19.503
12.4125
9.87748
3.13526
3.13526
3.13526
3.13526
3.13855
11.7974
11.8269
15.6105
31.8229
38.9819
43.6569
46.9708
47.5772
51.2685
50.6907
49.5503
47.7987
32.9776
25.9814
24.4109
21.9151
21.5391
18.108
16.3952
3.50732
3.50165
3.49782
3.49264
3.49157
11.7192
11.6827
17.0551
39.0619
42.5391
46.2733
49.7251
50.4857
53.5139
53.037
51.1015
48.9084
35.1414
28.1914
26.2444
22.1358
21.3579
17.691
13.9756
3.13526
3.13526
3.13526
3.13526
3.13526
10.5482
11.6884
11.3653
15.4808
18.6208
23.777
26.1606
23.8524
24.8733
24.6269
23.4477
21.8327
17.1514
13.1278
3.13855
3.13855
3.13855
3.13855
3.13855
3.13526
3.13526
3.13526
3.13526
3.13526
3.13855
3.11118
2.96909
2.95155
2.94899
3.12393
3.32427
5.67654
9.65096
12.2474
13.6826
13.4436
6.81836
5.11301
3.62227
3.36709
3.13526
3.13526
3.13526
3.13526
3.13526
3.13526
3.13526
3.13855
11.7915
11.8548
16.0518
27.1582
27.5653
31.3095
38.1737
39.6152
42.0746
42.5876
42.3557
41.5605
28.4204
18.3145
16.8242
14.2749
14.2179
11.7027
10.6076
3.13526
3.13526
3.13526
3.13526
3.13855
14.0181
13.0346
15.9716
26.86
30.4233
36.9088
39.4486
39.8386
42.5829
43.1772
43.0716
41.4799
27.6925
21.7507
17.0114
14.2892
14.2513
11.7513
10.4798
3.13526
3.13526
3.13526
3.13526
3.13855
12.3945
12.266
15.6914
27.6383
35.1993
39.1313
41.8222
41.9164
44.238
45.14
44.7288
43.3223
29.3819
19.36
16.8322
14.2815
14.2218
11.7038
10.5172
3.13526
3.13526
3.13526
3.13526
3.13855
13.5325
12.7062
16.1592
27.0089
27.7114
29.7412
33.3728
38.7277
42.074
43.0751
42.7268
41.3577
25.6366
17.0536
16.7924
14.2484
14.2009
11.6962
10.6967
3.13526
3.13526
3.13526
3.13526
3.13855
15.0247
12.9229
15.9606
26.9655
29.4409
34.6847
38.8571
38.9255
40.6318
41.2873
41.1756
39.3863
22.272
16.7653
16.7417
14.2197
14.1766
11.6933
10.9136
3.13526
3.13526
3.13526
3.13526
3.13526
14.8302
13.2055
12.4638
15.475
15.4573
15.7098
18.9967
17.4292
18.9697
19.7163
19.4345
15.1997
10.85
10.6058
3.13855
3.13855
3.13855
3.13855
3.13855
3.13526
3.13526
3.13526
3.13526
3.13526
3.13855
3.13855
3.02279
2.95236
2.94832
2.94768
2.94694
3.11134
2.94831
2.94956
2.95837
3.06474
3.12117
3.1377
3.13855
3.13526
3.13526
3.13526
3.13526
3.13526
3.13526
3.13526
3.13526
3.13526
3.13855
3.13855
3.02953
2.95344
2.95137
2.94989
2.94808
2.9483
2.94971
3.15127
3.73016
2.95603
2.97109
3.12306
3.13855
3.13526
3.13526
3.13526
3.13526
3.13526
3.13526
3.13526
3.13526
3.13855
17.5218
15.375
17.5876
26.8441
27.114
30.2569
35.4964
37.9042
39.9711
40.6425
40.6485
39.7926
25.4282
16.9756
16.7737
14.2287
14.1805
11.7123
10.9111
3.13526
3.13526
3.13526
3.13526
3.13855
16.4266
14.2688
17.0117
27.0063
33.9044
37.8236
41.1938
42.3782
46.0565
46.1054
44.8449
43.7031
30.3075
24.0254
22.2121
21.0959
20.4454
16.9069
10.5358
3.13526
3.13526
3.13526
3.13526
3.13855
11.7044
11.7538
16.023
31.9912
35.9739
40.6355
44.3442
44.7169
48.0516
46.9233
45.4154
43.6974
30.1282
23.6931
22.1264
21.0291
20.235
11.7902
10.5171
3.13526
3.13526
3.13526
3.13526
3.13855
12.6942
12.6724
16.1102
27.4859
34.24
37.8155
41.802
43.3909
45.8575
45.1826
44.3995
42.9271
29.7658
23.1178
21.6433
15.0487
14.2864
11.7829
10.5093
3.13526
3.13526
3.13526
3.13526
3.13526
11.5548
12.5293
11.9151
16.0596
22.5736
27.0036
31.3873
29.9199
31.5272
31.9767
31.6011
29.6219
24.1068
20.9661
3.55419
3.52999
3.51785
3.51482
3.50612
3.49562
3.48983
3.48644
3.48551
3.48206
3.48341
3.48872
3.46989
3.36793
3.32376
3.33057
3.34511
3.3732
6.11963
10.4684
13.445
12.4925
11.8941
8.21227
4.39833
3.25099
3.13526
3.13526
3.13526
3.13526
3.13526
3.13526
3.13526
3.13855
11.7391
11.8642
16.0089
27.4936
32.9318
38.9676
41.8865
41.5887
43.1451
43.104
42.1297
38.1365
21.1265
16.8379
16.7586
14.2389
14.2126
11.7169
10.4667
3.13526
3.13526
3.13526
3.13526
3.13855
11.7137
11.7131
16.47
27.8969
27.5322
28.5597
30.6584
34.2085
38.102
38.4559
35.8121
34.1125
21.0014
16.7788
16.7264
14.2261
14.2043
11.7067
10.4667
3.13526
3.13526
3.13526
3.13526
3.13855
12.1053
11.9785
16.2458
27.0825
27.7346
30.1643
34.5001
37.5021
39.554
39.4873
39.9475
37.3877
20.6539
16.8287
16.7135
14.1827
14.1499
11.7362
10.7685
3.13526
3.13526
3.13526
3.13526
3.13855
13.0808
12.4801
16.1258
26.9186
27.0876
27.9849
30.1716
30.9669
33.5443
35.0646
34.8863
32.0722
19.5944
16.7783
16.6796
14.1621
14.1466
11.9324
10.9034
3.13526
3.13526
3.13526
3.13526
3.13855
14.4383
13.331
16.7951
26.8873
26.8959
28.405
31.2805
32.5506
34.7428
34.2757
33.7362
32.9235
20.2145
16.8169
16.7063
14.1728
14.1695
12.5723
11.9055
3.13526
3.13526
3.13526
3.13526
3.13526
18.1746
15.9513
14.8143
16.0669
15.463
15.4794
18.0589
17.3694
16.0461
16.5499
15.3144
15.3736
11.0411
10.6191
3.13855
3.13855
3.13855
3.13855
3.13855
3.13526
3.13526
3.13526
3.13526
3.13526
3.13855
3.13855
3.0585
2.95603
3.08088
3.2715
3.32075
3.35644
6.23331
10.1093
11.5349
12.1621
12.3384
10.0049
7.69711
3.77472
3.13526
3.13526
3.13526
3.13526
3.13526
3.13526
3.13526
3.13855
12.6387
13.2303
16.7577
27.2634
32.9312
36.0815
39.2457
40.5707
43.3844
43.9888
44.5479
43.7112
30.2197
23.5413
21.7288
20.7086
15.6974
11.7526
10.4764
3.13526
3.13526
3.13526
3.13526
3.13855
15.1173
13.4499
16.7684
27.1366
32.7752
36.7133
40.9178
42.2806
46.5987
47.0866
45.8074
43.7237
29.7636
22.9201
21.1525
15.0111
14.2471
11.7435
10.4843
3.13526
3.13526
3.13526
3.13526
3.13855
14.5868
14.2487
17.3767
26.926
31.7317
36.2042
40.0509
41.4845
44.2463
43.5085
42.3072
40.6921
28.228
21.4204
16.9038
14.2531
14.2025
11.7005
10.6231
3.13526
3.13526
3.13526
3.13526
3.13855
17.9956
15.4427
17.981
26.8754
28.6058
34.1447
37.3219
38.7085
41.7787
42.2318
41.2218
39.2601
27.1455
17.0773
16.731
14.1829
14.1466
12.4205
11.8945
3.13526
3.13526
3.13526
3.13526
3.13855
18.3722
15.7312
18.5484
26.9412
26.8758
30.1924
36.0147
37.1208
39.504
40.0488
39.2561
35.8367
21.0883
16.8126
16.6869
14.1537
14.4783
12.774
11.98
3.13526
3.13526
3.13526
3.13526
3.13526
16.1698
14.5984
14.1859
16.5103
15.6644
15.458
15.4982
12.4802
13.0819
15.3897
13.6842
12.6689
10.5706
10.5472
3.13855
3.13855
3.13855
3.13855
3.13855
3.79473
3.79473
3.79473
3.79473
3.79473
3.79803
3.79803
3.71364
3.61379
4.02075
4.07701
4.13466
4.18445
5.68383
9.56825
12.3099
12.3929
11.5388
7.82629
6.04579
4.13557
3.79473
3.79473
3.79473
3.79473
3.79473
3.79473
3.79473
3.79473
3.79803
14.3346
14.2102
16.6311
27.6282
31.2469
36.1367
38.3003
38.1807
37.3995
34.1511
31.0025
29.9728
21.1519
17.3261
17.268
15.2355
15.5593
13.6629
12.8534
3.79473
3.79473
3.79473
3.79473
3.79803
17.8065
14.6217
16.8453
27.4742
27.6759
29.1637
32.0594
33.3885
35.1536
34.0623
32.2747
30.7171
21.1847
17.3394
17.2756
15.3838
15.7629
13.9388
13.4491
3.79473
3.79473
3.79473
3.79473
3.79803
22.8366
18.4506
18.4878
27.4681
27.5137
28.5149
31.1531
32.3734
34.1681
33.556
31.4616
30.3757
21.176
17.3268
17.3207
15.5251
16.0155
14.6196
14.3155
3.79473
3.79473
3.79473
3.79473
3.79803
24.4716
19.4497
19.2215
27.4951
27.549
28.8543
31.8068
33.5983
35.9437
35.1781
32.8418
31.5947
21.186
17.3392
17.272
15.3656
15.745
14.0546
13.7129
3.79473
3.79473
3.79473
3.79473
3.79803
22.6974
18.1549
18.9786
27.5347
27.4861
28.7117
32.7198
35.3149
38.1172
35.5376
30.8376
29.9778
21.1368
17.3228
17.2813
15.3123
15.5977
13.8611
13.5363
3.79473
3.79473
3.79473
3.79473
3.79473
17.7171
14.8179
13.4275
16.1388
16.1146
16.1362
16.6416
16.5537
19.0503
14.9371
13.4219
13.5857
11.1778
11.2883
3.79803
3.79803
3.79803
3.79803
3.79803
3.79473
3.79473
3.79473
3.79473
3.79473
3.79803
3.72866
3.61836
3.60988
3.60837
3.60801
3.60727
3.60699
3.60855
3.61189
3.62073
3.76308
3.79803
3.79803
3.79803
3.79473
3.79473
3.79473
3.79473
3.79473
3.79473
3.79473
3.79473
3.79803
16.0232
13.7234
16.7563
27.5742
27.5713
27.589
27.6769
27.6394
27.7032
27.7807
27.8314
29.6474
21.1092
17.3153
17.2632
14.8415
15.0475
13.3087
12.4345
3.79473
3.79473
3.79473
3.79473
3.79803
17.5409
14.9415
17.7799
27.5979
27.5018
27.6364
27.8439
28.1664
28.7373
28.5156
27.9757
29.6617
21.0681
17.2801
17.2593
15.046
15.2753
13.4907
13.0794
3.79473
3.79473
3.79473
3.79473
3.79473
3.79803
3.73498
3.61377
3.60937
3.60994
3.61107
3.61213
3.61198
3.61193
4.11388
4.41578
3.74317
3.79803
3.79803
3.79803
3.79473
3.79473
3.79473
3.79473
3.79473
3.79473
3.79473
3.79473
3.79803
24.8234
19.5874
19.7113
27.516
27.5161
28.1956
30.4921
32.4176
35.9142
35.4329
31.9348
30.2632
21.1621
17.3181
17.3263
15.6444
16.1023
14.4998
14.2176
3.79473
3.79473
3.79473
3.79473
3.79803
24.8358
20.0072
19.9891
27.5146
28.0817
34.2239
38.047
38.9522
40.8884
38.5034
34.9457
32.0091
21.1864
17.3341
17.2716
15.3569
15.7383
14.0444
13.9746
3.79473
3.79473
3.79473
3.79473
3.79473
22.7208
18.8896
16.7959
16.8275
16.1374
19.8834
25.4355
22.9232
23.25
22.7445
16.1899
13.7569
11.2393
11.1657
3.79803
3.79803
3.79803
3.79803
3.79803
3.79473
3.79473
3.79473
3.79473
3.79473
3.79803
3.74756
3.61753
3.61076
3.79089
4.0653
4.13891
4.26759
6.87344
10.8033
11.7185
10.6582
8.74641
7.15427
4.02897
3.79473
3.79473
3.79473
3.79473
3.79473
3.79473
3.79473
3.79473
3.79803
18.5615
16.9567
17.6079
27.6919
32.5604
36.5368
39.3953
39.8534
41.8813
41.3605
39.7915
39.3589
22.2215
17.4148
17.3221
14.8434
15.2413
13.3149
12.4146
3.79473
3.79473
3.79473
3.79473
3.79803
21.0566
17.3151
17.8185
27.6143
32.351
36.1092
38.7264
39.2771
41.36
41.1336
39.8618
39.3625
22.4476
17.4246
17.3356
14.816
15.0343
13.6315
13.2442
3.79473
3.79473
3.79473
3.79473
3.79803
22.9811
18.7161
19.0863
27.4929
32.9779
37.0636
40.3296
40.9127
43.7392
43.9735
42.2794
41.2272
26.0884
17.4672
17.3647
14.835
14.8991
13.3147
12.2008
3.79473
3.79473
3.79473
3.79473
3.79803
20.0315
16.8672
17.8363
27.5409
31.6539
36.5064
39.6701
40.4539
42.1029
41.4475
39.8805
39.1802
22.2023
17.4113
17.3123
14.8073
15.2735
13.8058
13.2737
3.79473
3.79473
3.79473
3.79473
3.79803
19.3263
16.3768
17.6041
28.5876
34.3557
37.93
40.6986
41.6019
43.5134
42.5796
41.1737
40.2889
26.8124
17.5473
17.3735
14.8631
14.835
12.3929
11.9527
3.79473
3.79473
3.79473
3.79473
3.79473
17.906
15.8085
13.9504
16.2618
19.2063
24.2416
26.6879
24.1234
24.9574
24.9133
22.8435
21.1944
16.9836
11.2215
3.79803
3.79803
3.79803
3.79803
3.79803
3.79473
3.79473
3.79473
3.79473
3.79473
3.79803
3.75831
3.6259
3.70392
4.03681
4.08658
4.12739
4.293
6.92983
8.02219
9.51153
8.79909
6.14277
4.25797
3.90625
3.79473
3.79473
3.79473
3.79473
3.79473
3.79473
3.79473
3.79473
3.79803
17.7331
15.6334
17.6579
27.5063
28.0879
29.1858
30.1258
33.6947
36.7677
37.4376
35.7229
32.6061
21.1556
17.3492
17.2858
14.806
14.9467
13.2717
12.7859
3.79473
3.79473
3.79473
3.79473
3.79803
21.129
17.9772
18.7745
27.5204
27.722
30.3227
34.9148
37.812
39.4294
39.5244
35.1376
31.5622
21.1898
17.3354
17.2768
15.3874
15.873
14.2874
13.8044
3.79473
3.79473
3.79473
3.79473
3.79803
19.883
16.5361
18.554
27.6079
27.4734
27.6492
28.5272
29.5831
31.288
30.2245
28.6076
29.768
21.1452
17.333
17.275
14.806
14.8325
13.0265
12.1905
3.79473
3.79473
3.79473
3.79473
3.79473
3.79803
3.75615
3.62434
3.61484
3.61456
3.61438
3.61398
3.6133
3.61261
3.61308
3.61591
3.75499
3.79803
3.79803
3.79803
3.79473
3.79473
3.79473
3.79473
3.79473
3.79473
3.79473
3.79473
5.13817
26.8358
22.5663
23.2843
27.9955
27.5461
27.6746
28.7317
29.5561
31.7144
31.6352
30.7704
30.6172
21.1451
17.3122
17.322
15.5118
16.0674
14.8015
15.3588
3.79473
3.79473
3.89388
4.52559
5.38885
26.2342
21.8623
18.8439
18.1935
16.3419
16.1539
16.1831
13.1502
13.2545
13.2966
13.2579
13.5568
11.7239
12.6114
3.79803
3.79803
3.79803
3.79803
3.89718
4.19133
4.95385
6.26267
7.43554
8.63246
9.82429
9.59531
9.40861
5.33128
3.82129
3.61424
3.61369
3.61306
3.61275
3.61348
3.61602
3.75785
3.79803
3.79803
3.79803
3.79473
3.79473
3.79473
3.79473
3.79473
3.79473
3.79473
3.79473
4.31417
24.6829
19.2397
19.9917
27.6366
27.5331
27.6605
28.6017
30.0361
31.4775
30.7598
29.4506
29.944
21.1405
17.3152
17.5968
16.1133
16.7797
15.9413
16.0613
4.75166
4.85081
4.85081
6.02564
7.68652
30.9941
25.6781
25.8919
30.1669
28.2739
28.2044
28.3346
28.4886
29.001
28.9647
28.6581
30.3601
21.6978
19.0269
20.0573
19.3699
20.4847
19.7374
19.5147
4.85081
4.85081
5.47209
7.30454
8.91261
32.0327
25.8073
25.1668
29.2789
28.2345
28.2181
28.3502
28.6353
29.5267
29.8085
29.3508
30.3972
21.7327
18.302
19.1805
18.2731
19.6116
18.9436
19.4768
4.85081
4.85081
5.18506
7.27655
9.22779
32.9294
27.9299
26.1347
29.3054
28.2108
28.2542
28.6894
29.4452
31.3714
31.8096
30.4855
30.5543
21.7491
18.3426
19.1902
17.6357
18.8301
18.7309
18.2931
4.85081
4.85081
5.18506
6.55285
8.17235
31.7835
25.8371
25.7645
29.7932
28.2422
28.1761
28.2374
28.2584
28.3401
28.3697
28.3762
30.1842
21.6991
18.9249
19.3729
17.5494
18.0858
17.1466
16.7423
4.45421
4.55336
4.85081
4.85081
5.90046
25.057
21.3156
19.6359
20.8736
20.0303
19.6247
20.0362
18.5892
18.0959
18.7179
19.316
19.8202
18.2401
18.3849
4.8541
4.8541
4.8541
6.0259
7.61693
8.99486
10.234
10.9666
11.2532
11.7529
11.643
11.6527
11.4013
10.3695
9.20622
7.52989
5.22145
4.2702
4.26932
4.27151
4.27436
4.41989
4.45751
4.45751
4.45751
4.45421
4.45421
5.75639
6.36523
7.08493
8.18258
8.36322
8.48394
8.44149
27.7851
21.9623
22.7028
28.7765
28.2895
28.1489
28.1371
28.2138
28.3194
28.4914
29.8841
30.6522
21.8183
19.0007
19.5836
18.391
19.2415
18.326
17.7497
4.45421
4.45421
4.45421
4.45421
4.79176
25.5217
19.8975
20.9769
28.5729
28.2599
28.1233
28.2129
28.3074
28.4579
28.5232
28.5331
30.3126
21.6999
18.0002
18.6383
17.2172
17.9659
17.0935
16.9523
4.55336
4.85081
4.85081
5.18506
5.93924
27.8621
22.5325
22.4728
28.4618
28.1691
28.2266
28.4249
28.7702
30.1219
31.7731
32.4559
31.6132
21.8127
17.9806
18.4825
16.8387
17.281
16.3348
15.8506
4.45421
4.45421
4.45421
4.55336
4.8541
26.7953
21.6232
20.7934
28.2126
28.6599
34.1015
38.0789
39.186
41.8439
42.8194
41.6981
40.9633
24.4376
18.1065
18.0229
15.5178
15.49
13.0122
12.1793
4.45421
4.45421
4.45421
4.45421
4.45751
17.8859
15.1447
17.7403
28.2389
32.4024
37.0485
39.903
40.6029
43.2649
42.3987
40.9649
40.6552
23.2134
18.0875
17.9919
15.4718
15.664
14.384
14.237
4.45421
4.45421
4.45421
4.45421
4.45421
20.6899
18.3123
17.3427
19.2084
18.393
17.8668
17.2716
13.9378
13.6914
13.7689
13.8212
14.2407
13.0261
13.5096
4.45751
4.45751
4.45751
4.45751
4.45751
4.45421
4.45421
4.45421
4.45421
4.45421
4.45751
4.44169
4.31699
4.2742
4.27096
4.27127
4.27261
4.27221
4.27189
4.27259
4.27536
4.417
4.45751
4.45751
4.45751
4.45421
4.45421
4.45421
4.45421
4.45421
4.45421
4.45421
4.45421
5.41409
25.1036
19.8251
20.4091
28.2312
28.7856
33.9889
37.6696
38.6786
41.1239
41.7215
40.1716
36.8935
21.9573
18.041
17.9421
15.904
16.5466
14.7814
14.1611
4.45421
4.45421
4.45421
4.45421
4.45751
23.6934
19.5308
20.7944
28.2784
28.5191
33.9125
37.5261
38.4387
39.9173
39.9159
39.099
34.776
21.8695
18.0176
17.9389
16.1258
16.4364
14.915
15.0323
4.45421
4.45421
4.45421
4.55336
4.8541
26.1898
21.0681
22.3413
28.3995
28.206
31.0791
36.5452
37.4812
39.2871
39.5589
38.1972
35.3584
21.8542
18.0121
17.9364
16.1135
16.7717
15.6453
15.8574
4.45421
4.55336
4.85081
4.85081
5.87728
28.6577
23.6359
24.0329
28.6745
28.1745
28.7763
32.7655
36.6903
39.0073
39.4787
38.8551
35.8989
21.8507
17.9976
18.0459
16.4705
17.0147
16.2719
16.3397
4.45421
4.45421
4.45421
4.45421
5.56929
27.2471
22.7173
23.4807
28.5314
28.2255
33.3764
37.0823
38.7396
41.4433
41.7381
40.7696
39.9004
22.2907
18.0318
17.9327
16.0269
16.7288
15.1117
14.8125
4.45421
4.45421
4.45421
4.45421
4.45421
21.4145
18.9734
17.413
17.5988
16.7985
20.2686
25.2632
23.1867
24.4012
24.7241
23.7671
21.9548
11.9152
11.8102
4.45751
4.45751
4.45751
4.45751
4.45751
4.45421
4.45421
4.45421
4.45421
4.45421
4.89091
5.73633
6.24159
4.54736
4.27164
4.27206
4.27323
4.27258
4.27204
4.27252
4.88678
4.41438
4.45751
4.45751
4.45751
4.45421
4.45421
4.45421
4.45421
4.45421
4.45421
4.45421
4.45421
4.45751
21.3897
17.6865
19.6217
28.2588
28.1652
28.2986
29.0124
29.5657
29.94
29.247
28.6753
30.3403
21.744
18.2814
19.0697
17.428
18.248
16.7466
16.0938
4.45421
4.55336
4.85081
4.85081
5.52806
27.1607
22.0085
22.7532
28.7859
28.1931
28.1335
28.2521
28.3061
28.8883
29.5989
29.3582
30.3136
21.7361
18.1633
18.9836
17.2655
18.0677
17.6583
18.2143
4.85081
4.85081
5.02928
6.17195
7.99898
31.3333
25.6753
25.7842
29.8786
28.245
28.2262
28.6654
29.3418
30.4039
30.3334
29.5463
30.3605
21.7601
17.985
18.4654
16.869
17.9915
18.0529
18.1715
4.85081
4.85081
4.85081
6.28957
7.97035
31.78
26.0126
26.4377
30.1092
28.2426
28.2143
28.4927
29.0178
30.0324
29.8975
29.0249
30.3314
21.7382
18.5236
19.4276
18.3778
19.6619
18.7292
18.6373
4.85081
4.85081
5.18506
5.75467
7.71541
9.34612
10.1918
10.9859
8.10314
4.40935
4.27237
4.27362
4.27274
4.27206
4.27231
4.27309
4.40718
4.45751
4.45751
4.45751
4.45421
4.45421
4.55336
4.45421
4.55336
5.44989
7.54836
8.48707
9.31328
29.1479
23.9993
22.0507
22.0282
19.998
18.481
17.5184
14.7795
14.6049
14.574
14.8238
15.6952
14.4982
15.3623
4.45751
4.45751
4.45751
4.45751
4.45751
4.45421
4.45421
4.87941
5.51213
6.53178
6.78748
6.55477
7.07084
6.27282
5.3243
4.26905
4.26975
4.27231
4.2731
4.27792
4.29815
4.43946
4.45751
4.45751
4.45751
4.45421
4.45421
4.45421
4.45421
4.45421
6.00336
6.47195
7.86728
7.8372
26.8269
20.8648
22.5744
29.6536
28.3658
28.1712
28.138
28.2087
28.332
28.4441
29.6002
30.6682
21.8217
19.0593
19.0155
17.3168
17.7255
16.3969
15.9868
4.45421
4.45421
4.45421
4.45421
4.45751
23.3293
19.122
21.6556
29.4989
28.3832
28.1416
28.1802
28.2725
28.3808
28.3724
28.3927
30.0377
21.6859
18.6977
19.274
17.3263
17.7146
16.3847
16.169
4.45421
4.45421
4.45421
4.45421
4.89091
25.8723
21.3929
23.3174
28.9403
28.2134
28.1727
28.2749
28.3244
28.8143
28.4339
28.3781
29.981
21.6903
19.1151
19.549
17.591
18.1014
17.0527
16.4891
4.45421
4.45421
4.45421
4.45421
4.89091
25.4563
21.0237
23.3399
30.4201
28.8854
28.4246
28.2047
28.3348
28.226
28.2953
28.3704
30.0126
21.8098
19.516
20.406
19.2273
19.473
17.9361
17.8934

